entry_time,exit_time,entry_price,exit_price,pnl_points,pnl_rupees,capital,exit_reason,action
2025-09-01 11:05:00+05:30,2025-09-01 11:10:00+05:30,416.45,69525.0,69108.55,138217.1,238217.1,End of Candle,LONG
2025-09-01 11:30:00+05:30,2025-09-01 11:35:00+05:30,414.25,70125.0,69710.75,139421.5,377638.6,End of Candle,LONG
2025-09-01 11:35:00+05:30,2025-09-01 11:40:00+05:30,414.1,70350.0,69935.9,139871.8,517510.39999999997,End of Candle,LONG
2025-09-01 12:05:00+05:30,2025-09-01 12:10:00+05:30,413.55,71775.0,71361.45,142722.9,660233.2999999999,End of Candle,LONG
2025-09-01 12:10:00+05:30,2025-09-01 12:15:00+05:30,414.05,71700.0,71285.95,142571.9,802805.2,End of Candle,LONG
2025-09-01 12:20:00+05:30,2025-09-01 12:25:00+05:30,424.85,73650.0,73225.15,146450.3,949255.5,End of Candle,LONG
2025-09-01 12:25:00+05:30,2025-09-01 12:30:00+05:30,433.05,73875.0,73441.95,146883.9,1096139.4,End of Candle,LONG
2025-09-01 12:30:00+05:30,2025-09-01 12:35:00+05:30,429.2,74250.0,73820.8,147641.6,1243781.0,End of Candle,LONG
2025-09-01 12:40:00+05:30,2025-09-01 12:45:00+05:30,428.1,74550.0,74121.9,148243.8,1392024.8,End of Candle,LONG
2025-09-01 13:05:00+05:30,2025-09-01 13:10:00+05:30,439.95,75975.0,75535.05,151070.1,1543094.9000000001,End of Candle,LONG
2025-09-01 13:10:00+05:30,2025-09-01 13:15:00+05:30,435.3,76125.0,75689.7,151379.4,1694474.3,End of Candle,LONG
2025-09-01 13:20:00+05:30,2025-09-01 13:25:00+05:30,435.3,76950.0,76514.7,153029.4,1847503.7,End of Candle,LONG
2025-09-01 13:35:00+05:30,2025-09-01 13:40:00+05:30,440.5,76875.0,76434.5,152869.0,2000372.7,End of Candle,LONG
2025-09-01 13:55:00+05:30,2025-09-01 14:00:00+05:30,439.55,76725.0,76285.45,152570.9,2152943.6,End of Candle,LONG
2025-09-01 14:10:00+05:30,2025-09-01 14:15:00+05:30,444.8,78075.0,77630.2,155260.4,2308204.0,End of Candle,LONG
2025-09-01 14:20:00+05:30,2025-09-01 14:25:00+05:30,442.95,78600.0,78157.05,156314.1,2464518.1,End of Candle,LONG
2025-09-01 14:30:00+05:30,2025-09-01 14:35:00+05:30,444.45,80175.0,79730.55,159461.1,2623979.2,End of Candle,LONG
2025-09-01 14:40:00+05:30,2025-09-01 14:45:00+05:30,446.6,80175.0,79728.4,159456.8,2783436.0,End of Candle,LONG
2025-09-01 14:50:00+05:30,2025-09-01 14:55:00+05:30,443.5,453.5,10.0,20.0,2783456.0,Target Hit,LONG
2025-09-01 15:00:00+05:30,2025-09-01 15:05:00+05:30,447.9,80700.0,80252.1,160504.2,2943960.2,End of Candle,LONG
2025-09-01 15:20:00+05:30,2025-09-01 15:25:00+05:30,451.95,80775.0,80323.05,160646.1,3104606.3000000003,End of Candle,LONG
2025-09-02 09:15:00+05:30,2025-09-02 09:20:00+05:30,462.05,457.05,-5.0,-10.0,3104596.3000000003,Stoploss Hit,LONG
2025-09-02 09:20:00+05:30,2025-09-02 09:25:00+05:30,453.0,80100.0,79647.0,159294.0,3263890.3000000003,End of Candle,LONG
2025-09-02 09:35:00+05:30,2025-09-02 09:40:00+05:30,471.65,80175.0,79703.35,159406.7,3423297.0000000005,End of Candle,LONG
2025-09-02 09:40:00+05:30,2025-09-02 09:45:00+05:30,476.0,79950.0,79474.0,158948.0,3582245.0000000005,End of Candle,LONG
2025-09-02 09:45:00+05:30,2025-09-02 09:50:00+05:30,483.95,493.95,10.0,20.0,3582265.0000000005,Target Hit,LONG
2025-09-02 09:50:00+05:30,2025-09-02 09:55:00+05:30,494.3,489.3,-5.0,-10.0,3582255.0000000005,Stoploss Hit,LONG
2025-09-02 09:55:00+05:30,2025-09-02 10:00:00+05:30,495.5,78375.0,77879.5,155759.0,3738014.0000000005,End of Candle,LONG
2025-09-02 10:00:00+05:30,2025-09-02 10:05:00+05:30,502.75,77475.0,76972.25,153944.5,3891958.5000000005,End of Candle,LONG
2025-09-02 10:15:00+05:30,2025-09-02 10:20:00+05:30,498.95,503.95,-5.0,-10.0,3891948.5000000005,Stoploss Hit,SHORT
2025-09-02 10:20:00+05:30,2025-09-02 10:25:00+05:30,498.35,503.35,-5.0,-10.0,3891938.5000000005,Stoploss Hit,SHORT
2025-09-02 10:25:00+05:30,2025-09-02 10:30:00+05:30,505.0,76200.0,-75695.0,-151390.0,3740548.5000000005,End of Candle,SHORT
2025-09-02 10:40:00+05:30,2025-09-02 10:45:00+05:30,505.95,76425.0,-75919.05,-151838.1,3588710.4000000004,End of Candle,SHORT
2025-09-02 11:10:00+05:30,2025-09-02 11:15:00+05:30,504.0,76875.0,-76371.0,-152742.0,3435968.4000000004,End of Candle,SHORT
2025-09-02 11:20:00+05:30,2025-09-02 11:25:00+05:30,497.1,502.1,-5.0,-10.0,3435958.4000000004,Stoploss Hit,SHORT
2025-09-02 11:25:00+05:30,2025-09-02 11:30:00+05:30,502.4,76950.0,-76447.6,-152895.2,3283063.2,End of Candle,SHORT
2025-09-02 11:50:00+05:30,2025-09-02 11:55:00+05:30,503.4,85200.0,84696.6,169393.2,3452456.4000000004,End of Candle,LONG
2025-09-02 12:00:00+05:30,2025-09-02 12:05:00+05:30,504.45,85350.0,84845.55,169691.1,3622147.5000000005,End of Candle,LONG
2025-09-02 12:30:00+05:30,2025-09-02 12:35:00+05:30,508.05,87675.0,87166.95,174333.9,3796481.4000000004,End of Candle,LONG
2025-09-02 12:35:00+05:30,2025-09-02 12:40:00+05:30,514.0,87825.0,87311.0,174622.0,3971103.4000000004,End of Candle,LONG
2025-09-02 12:40:00+05:30,2025-09-02 12:45:00+05:30,511.0,89025.0,88514.0,177028.0,4148131.4000000004,End of Candle,LONG
2025-09-02 12:45:00+05:30,2025-09-02 12:50:00+05:30,510.95,90375.0,89864.05,179728.1,4327859.5,End of Candle,LONG
2025-09-02 13:05:00+05:30,2025-09-02 13:10:00+05:30,505.45,90825.0,90319.55,180639.1,4508498.6,End of Candle,LONG
2025-09-02 13:35:00+05:30,2025-09-02 13:40:00+05:30,480.55,475.55,-5.0,-10.0,4508488.6,Stoploss Hit,LONG
2025-09-02 13:40:00+05:30,2025-09-02 13:45:00+05:30,459.0,76875.0,76416.0,152832.0,4661320.6,End of Candle,LONG
2025-09-02 13:45:00+05:30,2025-09-02 13:50:00+05:30,454.2,459.2,-5.0,-10.0,4661310.6,Stoploss Hit,SHORT
2025-09-02 13:50:00+05:30,2025-09-02 13:55:00+05:30,446.65,436.65,10.0,20.0,4661330.6,Target Hit,SHORT
2025-09-02 13:55:00+05:30,2025-09-02 14:00:00+05:30,434.65,424.65,10.0,20.0,4661350.6,Target Hit,SHORT
2025-09-02 14:00:00+05:30,2025-09-02 14:05:00+05:30,416.75,421.75,-5.0,-10.0,4661340.6,Stoploss Hit,SHORT
2025-09-02 14:05:00+05:30,2025-09-02 14:10:00+05:30,423.95,428.95,-5.0,-10.0,4661330.6,Stoploss Hit,SHORT
2025-09-02 14:10:00+05:30,2025-09-02 14:15:00+05:30,421.0,426.0,-5.0,-10.0,4661320.6,Stoploss Hit,SHORT
2025-09-02 14:25:00+05:30,2025-09-02 14:30:00+05:30,410.7,415.7,-5.0,-10.0,4661310.6,Stoploss Hit,SHORT
2025-09-02 14:30:00+05:30,2025-09-02 14:35:00+05:30,419.55,424.55,-5.0,-10.0,4661300.6,Stoploss Hit,SHORT
2025-09-02 14:35:00+05:30,2025-09-02 14:40:00+05:30,422.55,427.55,-5.0,-10.0,4661290.6,Stoploss Hit,SHORT
2025-09-02 14:55:00+05:30,2025-09-02 15:00:00+05:30,422.95,79350.0,-78927.05,-157854.1,4503436.5,End of Candle,SHORT
2025-09-02 15:10:00+05:30,2025-09-02 15:15:00+05:30,423.0,80550.0,-80127.0,-160254.0,4343182.5,End of Candle,SHORT
2025-09-02 15:25:00+05:30,2025-09-03 09:15:00+05:30,415.1,405.1,10.0,20.0,4343202.5,Target Hit,SHORT
2025-09-03 09:15:00+05:30,2025-09-03 09:20:00+05:30,393.0,398.0,-5.0,-10.0,4343192.5,Stoploss Hit,SHORT
2025-09-03 09:20:00+05:30,2025-09-03 09:25:00+05:30,402.6,412.6,10.0,20.0,4343212.5,Target Hit,LONG
2025-09-03 09:30:00+05:30,2025-09-03 09:35:00+05:30,406.65,401.65,-5.0,-10.0,4343202.5,Stoploss Hit,LONG
2025-09-03 09:50:00+05:30,2025-09-03 09:55:00+05:30,408.0,84900.0,84492.0,168984.0,4512186.5,End of Candle,LONG
2025-09-03 10:05:00+05:30,2025-09-03 10:10:00+05:30,419.0,86475.0,86056.0,172112.0,4684298.5,End of Candle,LONG
2025-09-03 10:30:00+05:30,2025-09-03 10:35:00+05:30,407.8,402.8,-5.0,-10.0,4684288.5,Stoploss Hit,LONG
2025-09-03 10:55:00+05:30,2025-09-03 11:00:00+05:30,402.0,89250.0,88848.0,177696.0,4861984.5,End of Candle,LONG
2025-09-03 11:00:00+05:30,2025-09-03 11:05:00+05:30,402.0,397.0,-5.0,-10.0,4861974.5,Stoploss Hit,LONG
2025-09-03 11:10:00+05:30,2025-09-03 11:15:00+05:30,400.25,94875.0,94474.75,188949.5,5050924.0,End of Candle,LONG
2025-09-03 11:15:00+05:30,2025-09-03 11:20:00+05:30,404.3,399.3,-5.0,-10.0,5050914.0,Stoploss Hit,LONG
2025-09-03 11:25:00+05:30,2025-09-03 11:30:00+05:30,398.05,102525.0,102126.95,204253.9,5255167.9,End of Candle,LONG
2025-09-03 11:35:00+05:30,2025-09-03 11:40:00+05:30,405.4,105375.0,104969.6,209939.2,5465107.100000001,End of Candle,LONG
2025-09-03 11:40:00+05:30,2025-09-03 11:45:00+05:30,410.0,106350.0,105940.0,211880.0,5676987.100000001,End of Candle,LONG
2025-09-03 11:45:00+05:30,2025-09-03 11:50:00+05:30,407.8,106350.0,105942.2,211884.4,5888871.500000001,End of Candle,LONG
2025-09-03 12:00:00+05:30,2025-09-03 12:05:00+05:30,417.0,107775.0,107358.0,214716.0,6103587.500000001,End of Candle,LONG
2025-09-03 12:15:00+05:30,2025-09-03 12:20:00+05:30,435.3,108000.0,107564.7,215129.4,6318716.900000001,End of Candle,LONG
2025-09-03 12:20:00+05:30,2025-09-03 12:25:00+05:30,443.4,438.4,-5.0,-10.0,6318706.900000001,Stoploss Hit,LONG
2025-09-03 12:25:00+05:30,2025-09-03 12:30:00+05:30,437.15,110550.0,110112.85,220225.7,6538932.6000000015,End of Candle,LONG
2025-09-03 12:45:00+05:30,2025-09-03 12:50:00+05:30,424.6,419.6,-5.0,-10.0,6538922.6000000015,Stoploss Hit,LONG
2025-09-03 13:15:00+05:30,2025-09-03 13:20:00+05:30,425.3,110400.0,109974.7,219949.4,6758872.000000002,End of Candle,LONG
2025-09-03 13:20:00+05:30,2025-09-03 13:25:00+05:30,422.0,111000.0,110578.0,221156.0,6980028.000000002,End of Candle,LONG
2025-09-03 13:45:00+05:30,2025-09-03 13:50:00+05:30,434.0,112575.0,112141.0,224282.0,7204310.000000002,End of Candle,LONG
2025-09-03 13:50:00+05:30,2025-09-03 13:55:00+05:30,437.0,113025.0,112588.0,225176.0,7429486.000000002,End of Candle,LONG
2025-09-03 13:55:00+05:30,2025-09-03 14:00:00+05:30,441.2,436.2,-5.0,-10.0,7429476.000000002,Stoploss Hit,LONG
2025-09-03 14:00:00+05:30,2025-09-03 14:05:00+05:30,438.0,113100.0,112662.0,225324.0,7654800.000000002,End of Candle,LONG
2025-09-03 14:10:00+05:30,2025-09-03 14:15:00+05:30,444.0,113325.0,112881.0,225762.0,7880562.000000002,End of Candle,LONG
2025-09-03 14:15:00+05:30,2025-09-03 14:20:00+05:30,441.75,113475.0,113033.25,226066.5,8106628.500000002,End of Candle,LONG
2025-09-03 14:25:00+05:30,2025-09-03 14:30:00+05:30,446.8,114450.0,114003.2,228006.4,8334634.900000002,End of Candle,LONG
2025-09-03 14:35:00+05:30,2025-09-03 14:40:00+05:30,449.0,444.0,-5.0,-10.0,8334624.900000002,Stoploss Hit,LONG
2025-09-03 14:50:00+05:30,2025-09-03 14:55:00+05:30,444.35,111600.0,111155.65,222311.3,8556936.200000003,End of Candle,LONG
2025-09-03 15:00:00+05:30,2025-09-03 15:05:00+05:30,458.7,468.7,10.0,20.0,8556956.200000003,Target Hit,LONG
2025-09-03 15:05:00+05:30,2025-09-03 15:10:00+05:30,470.1,480.1,10.0,20.0,8556976.200000003,Target Hit,LONG
2025-09-03 15:10:00+05:30,2025-09-03 15:15:00+05:30,477.7,472.7,-5.0,-10.0,8556966.200000003,Stoploss Hit,LONG
2025-09-03 15:15:00+05:30,2025-09-03 15:20:00+05:30,477.6,111300.0,110822.4,221644.8,8778611.000000004,End of Candle,LONG
2025-09-04 09:15:00+05:30,2025-09-04 09:20:00+05:30,562.0,552.0,10.0,20.0,8778631.000000004,Target Hit,SHORT
2025-09-04 09:40:00+05:30,2025-09-04 09:45:00+05:30,577.05,108600.0,-108022.95,-216045.9,8562585.100000003,End of Candle,SHORT
2025-09-04 09:45:00+05:30,2025-09-04 09:50:00+05:30,576.85,581.85,-5.0,-10.0,8562575.100000003,Stoploss Hit,SHORT
2025-09-04 10:10:00+05:30,2025-09-04 10:15:00+05:30,540.05,545.05,-5.0,-10.0,8562565.100000003,Stoploss Hit,SHORT
2025-09-04 10:15:00+05:30,2025-09-04 10:20:00+05:30,549.95,554.95,-5.0,-10.0,8562555.100000003,Stoploss Hit,SHORT
2025-09-04 10:20:00+05:30,2025-09-04 10:25:00+05:30,556.6,546.6,10.0,20.0,8562575.100000003,Target Hit,SHORT
2025-09-04 10:30:00+05:30,2025-09-04 10:35:00+05:30,540.25,109500.0,-108959.75,-217919.5,8344655.600000003,End of Candle,SHORT
2025-09-04 10:35:00+05:30,2025-09-04 10:40:00+05:30,537.3,527.3,10.0,20.0,8344675.600000003,Target Hit,SHORT
2025-09-04 10:40:00+05:30,2025-09-04 10:45:00+05:30,527.55,532.55,-5.0,-10.0,8344665.600000003,Stoploss Hit,SHORT
2025-09-04 10:45:00+05:30,2025-09-04 10:50:00+05:30,541.0,546.0,-5.0,-10.0,8344655.600000003,Stoploss Hit,SHORT
2025-09-04 10:50:00+05:30,2025-09-04 10:55:00+05:30,544.15,539.15,-5.0,-10.0,8344645.600000003,Stoploss Hit,LONG
2025-09-04 10:55:00+05:30,2025-09-04 11:00:00+05:30,543.75,110175.0,109631.25,219262.5,8563908.100000003,End of Candle,LONG
2025-09-04 11:05:00+05:30,2025-09-04 11:10:00+05:30,544.0,539.0,-5.0,-10.0,8563898.100000003,Stoploss Hit,LONG
2025-09-04 11:35:00+05:30,2025-09-04 11:40:00+05:30,529.85,109950.0,109420.15,218840.3,8782738.400000004,End of Candle,LONG
2025-09-04 12:10:00+05:30,2025-09-04 12:15:00+05:30,518.85,112125.0,111606.15,223212.3,9005950.700000005,End of Candle,LONG
2025-09-04 12:25:00+05:30,2025-09-04 12:30:00+05:30,509.1,112875.0,112365.9,224731.8,9230682.500000006,End of Candle,LONG
2025-09-04 12:35:00+05:30,2025-09-04 12:40:00+05:30,522.45,112875.0,112352.55,224705.1,9455387.600000005,End of Candle,LONG
2025-09-04 12:40:00+05:30,2025-09-04 12:45:00+05:30,530.0,540.0,10.0,20.0,9455407.600000005,Target Hit,LONG
2025-09-04 12:45:00+05:30,2025-09-04 12:50:00+05:30,539.55,534.55,-5.0,-10.0,9455397.600000005,Stoploss Hit,LONG
2025-09-04 12:50:00+05:30,2025-09-04 12:55:00+05:30,535.0,545.0,10.0,20.0,9455417.600000005,Target Hit,LONG
2025-09-04 13:00:00+05:30,2025-09-04 13:05:00+05:30,545.4,112800.0,112254.6,224509.2,9679926.800000004,End of Candle,LONG
2025-09-04 13:30:00+05:30,2025-09-04 13:35:00+05:30,530.0,113400.0,112870.0,225740.0,9905666.800000004,End of Candle,LONG
2025-09-04 13:55:00+05:30,2025-09-04 14:00:00+05:30,514.0,113025.0,112511.0,225022.0,10130688.800000004,End of Candle,LONG
2025-09-04 14:10:00+05:30,2025-09-04 14:15:00+05:30,504.0,113100.0,112596.0,225192.0,10355880.800000004,End of Candle,LONG
2025-09-04 14:35:00+05:30,2025-09-04 14:40:00+05:30,480.0,490.0,10.0,20.0,10355900.800000004,Target Hit,LONG
2025-09-04 14:45:00+05:30,2025-09-04 14:50:00+05:30,490.7,485.7,-5.0,-10.0,10355890.800000004,Stoploss Hit,LONG
2025-09-04 14:50:00+05:30,2025-09-04 14:55:00+05:30,481.35,491.35,10.0,20.0,10355910.800000004,Target Hit,LONG
2025-09-04 14:55:00+05:30,2025-09-04 15:00:00+05:30,486.0,481.0,-5.0,-10.0,10355900.800000004,Stoploss Hit,LONG
2025-09-04 15:05:00+05:30,2025-09-04 15:10:00+05:30,467.7,108525.0,-108057.3,-216114.6,10139786.200000005,End of Candle,SHORT
2025-09-04 15:10:00+05:30,2025-09-04 15:15:00+05:30,463.7,468.7,-5.0,-10.0,10139776.200000005,Stoploss Hit,SHORT
2025-09-04 15:15:00+05:30,2025-09-04 15:20:00+05:30,473.0,478.0,-5.0,-10.0,10139766.200000005,Stoploss Hit,SHORT
2025-09-05 09:15:00+05:30,2025-09-05 09:20:00+05:30,515.45,505.45000000000005,10.0,20.0,10139786.200000005,Target Hit,SHORT
2025-09-05 09:40:00+05:30,2025-09-05 09:45:00+05:30,489.45,494.45,-5.0,-10.0,10139776.200000005,Stoploss Hit,SHORT
2025-09-05 09:50:00+05:30,2025-09-05 09:55:00+05:30,503.0,498.0,-5.0,-10.0,10139766.200000005,Stoploss Hit,LONG
2025-09-05 09:55:00+05:30,2025-09-05 10:00:00+05:30,491.75,486.75,-5.0,-10.0,10139756.200000005,Stoploss Hit,LONG
2025-09-05 10:30:00+05:30,2025-09-05 10:35:00+05:30,453.0,448.0,-5.0,-10.0,10139746.200000005,Stoploss Hit,LONG
2025-09-05 10:50:00+05:30,2025-09-05 10:55:00+05:30,441.65,436.65,-5.0,-10.0,10139736.200000005,Stoploss Hit,LONG
2025-09-05 11:20:00+05:30,2025-09-05 11:25:00+05:30,448.45,112575.0,-112126.55,-224253.1,9915483.100000005,End of Candle,SHORT
2025-09-05 11:40:00+05:30,2025-09-05 11:45:00+05:30,438.5,112125.0,-111686.5,-223373.0,9692110.100000005,End of Candle,SHORT
2025-09-05 11:45:00+05:30,2025-09-05 11:50:00+05:30,433.45,112650.0,-112216.55,-224433.1,9467677.000000006,End of Candle,SHORT
2025-09-05 11:50:00+05:30,2025-09-05 11:55:00+05:30,435.0,112350.0,-111915.0,-223830.0,9243847.000000006,End of Candle,SHORT
2025-09-05 12:00:00+05:30,2025-09-05 12:05:00+05:30,433.85,114075.0,-113641.15,-227282.3,9016564.700000005,End of Candle,SHORT
2025-09-05 12:35:00+05:30,2025-09-05 12:40:00+05:30,417.0,115050.0,114633.0,229266.0,9245830.700000005,End of Candle,LONG
2025-09-05 12:45:00+05:30,2025-09-05 12:50:00+05:30,413.85,115275.0,114861.15,229722.3,9475553.000000006,End of Candle,LONG
2025-09-05 13:00:00+05:30,2025-09-05 13:05:00+05:30,420.0,115875.0,115455.0,230910.0,9706463.000000006,End of Candle,LONG
2025-09-05 13:05:00+05:30,2025-09-05 13:10:00+05:30,422.6,115875.0,115452.4,230904.8,9937367.800000006,End of Candle,LONG
2025-09-05 13:15:00+05:30,2025-09-05 13:20:00+05:30,438.85,115950.0,115511.15,231022.3,10168390.100000007,End of Candle,LONG
2025-09-05 13:20:00+05:30,2025-09-05 13:25:00+05:30,434.55,115800.0,115365.45,230730.9,10399121.000000007,End of Candle,LONG
2025-09-05 13:30:00+05:30,2025-09-05 13:35:00+05:30,443.8,116925.0,116481.2,232962.4,10632083.400000008,End of Candle,LONG
2025-09-05 13:35:00+05:30,2025-09-05 13:40:00+05:30,450.75,445.75,-5.0,-10.0,10632073.400000008,Stoploss Hit,LONG
2025-09-05 13:40:00+05:30,2025-09-05 13:45:00+05:30,453.15,463.15,10.0,20.0,10632093.400000008,Target Hit,LONG
2025-09-05 13:45:00+05:30,2025-09-05 13:50:00+05:30,479.85,474.85,-5.0,-10.0,10632083.400000008,Stoploss Hit,LONG
2025-09-05 13:50:00+05:30,2025-09-05 13:55:00+05:30,481.85,491.85,10.0,20.0,10632103.400000008,Target Hit,LONG
2025-09-05 14:00:00+05:30,2025-09-05 14:05:00+05:30,492.0,487.0,-5.0,-10.0,10632093.400000008,Stoploss Hit,LONG
2025-09-05 14:05:00+05:30,2025-09-05 14:10:00+05:30,485.8,480.8,-5.0,-10.0,10632083.400000008,Stoploss Hit,LONG
2025-09-05 14:35:00+05:30,2025-09-05 14:40:00+05:30,465.0,120525.0,120060.0,240120.0,10872203.400000008,End of Candle,LONG
2025-09-05 14:55:00+05:30,2025-09-05 15:00:00+05:30,477.95,472.95,-5.0,-10.0,10872193.400000008,Stoploss Hit,LONG
2025-09-05 15:00:00+05:30,2025-09-05 15:05:00+05:30,466.1,476.1,10.0,20.0,10872213.400000008,Target Hit,LONG
2025-09-05 15:15:00+05:30,2025-09-05 15:20:00+05:30,474.6,124425.0,123950.4,247900.8,11120114.200000009,End of Candle,LONG
2025-09-08 09:15:00+05:30,2025-09-08 09:20:00+05:30,490.0,485.0,-5.0,-10.0,11120104.200000009,Stoploss Hit,LONG
2025-09-08 09:20:00+05:30,2025-09-08 09:25:00+05:30,482.05,492.05,10.0,20.0,11120124.200000009,Target Hit,LONG
2025-09-08 09:30:00+05:30,2025-09-08 09:35:00+05:30,511.0,123375.0,122864.0,245728.0,11365852.200000009,End of Candle,LONG
2025-09-08 09:35:00+05:30,2025-09-08 09:40:00+05:30,516.2,511.20000000000005,-5.0,-10.0,11365842.200000009,Stoploss Hit,LONG
2025-09-08 09:40:00+05:30,2025-09-08 09:45:00+05:30,513.5,123975.0,123461.5,246923.0,11612765.200000009,End of Candle,LONG
2025-09-08 09:45:00+05:30,2025-09-08 09:50:00+05:30,516.05,511.04999999999995,-5.0,-10.0,11612755.200000009,Stoploss Hit,LONG
2025-09-08 10:05:00+05:30,2025-09-08 10:10:00+05:30,512.0,507.0,-5.0,-10.0,11612745.200000009,Stoploss Hit,LONG
2025-09-08 10:30:00+05:30,2025-09-08 10:35:00+05:30,485.85,125400.0,124914.15,249828.3,11862573.50000001,End of Candle,LONG
2025-09-08 10:45:00+05:30,2025-09-08 10:50:00+05:30,498.95,493.95,-5.0,-10.0,11862563.50000001,Stoploss Hit,LONG
2025-09-08 10:50:00+05:30,2025-09-08 10:55:00+05:30,490.0,125400.0,124910.0,249820.0,12112383.50000001,End of Candle,LONG
2025-09-08 11:05:00+05:30,2025-09-08 11:10:00+05:30,491.7,501.7,10.0,20.0,12112403.50000001,Target Hit,LONG
2025-09-08 11:15:00+05:30,2025-09-08 11:20:00+05:30,510.95,505.95,-5.0,-10.0,12112393.50000001,Stoploss Hit,LONG
2025-09-08 11:20:00+05:30,2025-09-08 11:25:00+05:30,504.05,126225.0,125720.95,251441.9,12363835.40000001,End of Candle,LONG
2025-09-08 11:30:00+05:30,2025-09-08 11:35:00+05:30,510.0,126075.0,125565.0,251130.0,12614965.40000001,End of Candle,LONG
2025-09-08 11:35:00+05:30,2025-09-08 11:40:00+05:30,511.5,126225.0,125713.5,251427.0,12866392.40000001,End of Candle,LONG
2025-09-08 11:45:00+05:30,2025-09-08 11:50:00+05:30,511.25,126300.0,125788.75,251577.5,13117969.90000001,End of Candle,LONG
2025-09-08 12:05:00+05:30,2025-09-08 12:10:00+05:30,515.85,126300.0,125784.15,251568.3,13369538.20000001,End of Candle,LONG
2025-09-08 12:10:00+05:30,2025-09-08 12:15:00+05:30,516.45,126225.0,125708.55,251417.1,13620955.30000001,End of Candle,LONG
2025-09-08 12:20:00+05:30,2025-09-08 12:25:00+05:30,519.05,126150.0,125630.95,251261.9,13872217.20000001,End of Candle,LONG
2025-09-08 12:40:00+05:30,2025-09-08 12:45:00+05:30,533.55,125775.0,125241.45,250482.9,14122700.10000001,End of Candle,LONG
2025-09-08 12:45:00+05:30,2025-09-08 12:50:00+05:30,537.6,532.6,-5.0,-10.0,14122690.10000001,Stoploss Hit,LONG
2025-09-08 13:15:00+05:30,2025-09-08 13:20:00+05:30,532.85,128025.0,127492.15,254984.3,14377674.400000012,End of Candle,LONG
2025-09-08 13:20:00+05:30,2025-09-08 13:25:00+05:30,530.15,123075.0,122544.85,245089.7,14622764.10000001,End of Candle,LONG
2025-09-08 13:45:00+05:30,2025-09-08 13:50:00+05:30,519.8,524.8,-5.0,-10.0,14622754.10000001,Stoploss Hit,SHORT
2025-09-08 13:50:00+05:30,2025-09-08 13:55:00+05:30,523.6,528.6,-5.0,-10.0,14622744.10000001,Stoploss Hit,SHORT
2025-09-08 14:10:00+05:30,2025-09-08 14:15:00+05:30,523.1,528.1,-5.0,-10.0,14622734.10000001,Stoploss Hit,SHORT
2025-09-08 14:45:00+05:30,2025-09-08 14:50:00+05:30,499.95,504.95,-5.0,-10.0,14622724.10000001,Stoploss Hit,SHORT
2025-09-08 14:50:00+05:30,2025-09-08 14:55:00+05:30,508.7,123675.0,-123166.3,-246332.6,14376391.500000011,End of Candle,SHORT
2025-09-08 15:05:00+05:30,2025-09-08 15:10:00+05:30,490.0,480.0,10.0,20.0,14376411.500000011,Target Hit,SHORT
2025-09-08 15:15:00+05:30,2025-09-08 15:20:00+05:30,495.0,123675.0,-123180.0,-246360.0,14130051.500000011,End of Candle,SHORT
2025-09-09 09:40:00+05:30,2025-09-09 09:45:00+05:30,525.65,530.65,-5.0,-10.0,14130041.500000011,Stoploss Hit,SHORT
2025-09-09 10:00:00+05:30,2025-09-09 10:05:00+05:30,522.2,123000.0,-122477.8,-244955.6,13885085.900000012,End of Candle,SHORT
2025-09-09 10:15:00+05:30,2025-09-09 10:20:00+05:30,513.4,123600.0,-123086.6,-246173.2,13638912.700000012,End of Candle,SHORT
2025-09-09 10:30:00+05:30,2025-09-09 10:35:00+05:30,513.6,123450.0,122936.4,245872.8,13884785.500000013,End of Candle,LONG
2025-09-09 10:40:00+05:30,2025-09-09 10:45:00+05:30,511.0,123375.0,122864.0,245728.0,14130513.500000013,End of Candle,LONG
2025-09-09 11:00:00+05:30,2025-09-09 11:05:00+05:30,520.9,123975.0,123454.1,246908.2,14377421.700000012,End of Candle,LONG
2025-09-09 11:05:00+05:30,2025-09-09 11:10:00+05:30,520.9,123975.0,123454.1,246908.2,14624329.900000012,End of Candle,LONG
2025-09-09 11:25:00+05:30,2025-09-09 11:30:00+05:30,528.0,523.0,-5.0,-10.0,14624319.900000012,Stoploss Hit,LONG
2025-09-09 11:40:00+05:30,2025-09-09 11:45:00+05:30,527.65,125325.0,124797.35,249594.7,14873914.60000001,End of Candle,LONG
2025-09-09 12:20:00+05:30,2025-09-09 12:25:00+05:30,527.7,124875.0,124347.3,248694.6,15122609.20000001,End of Candle,LONG
2025-09-09 12:25:00+05:30,2025-09-09 12:30:00+05:30,527.7,124800.0,124272.3,248544.6,15371153.80000001,End of Candle,LONG
2025-09-09 12:40:00+05:30,2025-09-09 12:45:00+05:30,527.8,124500.0,123972.2,247944.4,15619098.20000001,End of Candle,LONG
2025-09-09 12:50:00+05:30,2025-09-09 12:55:00+05:30,529.35,524.35,-5.0,-10.0,15619088.20000001,Stoploss Hit,LONG
2025-09-09 13:00:00+05:30,2025-09-09 13:05:00+05:30,527.0,124725.0,-124198.0,-248396.0,15370692.20000001,End of Candle,SHORT
2025-09-09 13:20:00+05:30,2025-09-09 13:25:00+05:30,526.8,123900.0,-123373.2,-246746.4,15123945.80000001,End of Candle,SHORT
2025-09-09 13:30:00+05:30,2025-09-09 13:35:00+05:30,534.4,124050.0,-123515.6,-247031.2,14876914.60000001,End of Candle,SHORT
2025-09-09 13:45:00+05:30,2025-09-09 13:50:00+05:30,522.85,124050.0,-123527.15,-247054.3,14629860.30000001,End of Candle,SHORT
2025-09-09 13:50:00+05:30,2025-09-09 13:55:00+05:30,522.35,124050.0,-123527.65,-247055.3,14382805.00000001,End of Candle,SHORT
2025-09-09 13:55:00+05:30,2025-09-09 14:00:00+05:30,525.0,124050.0,-123525.0,-247050.0,14135755.00000001,End of Candle,SHORT
2025-09-09 14:20:00+05:30,2025-09-09 14:25:00+05:30,522.95,527.95,-5.0,-10.0,14135745.00000001,Stoploss Hit,SHORT
2025-09-09 14:25:00+05:30,2025-09-09 14:30:00+05:30,536.0,123600.0,-123064.0,-246128.0,13889617.00000001,End of Candle,SHORT
2025-09-09 14:40:00+05:30,2025-09-09 14:45:00+05:30,520.0,123075.0,-122555.0,-245110.0,13644507.00000001,End of Candle,SHORT
2025-09-09 14:50:00+05:30,2025-09-09 14:55:00+05:30,526.6,121500.0,-120973.4,-241946.8,13402560.200000009,End of Candle,SHORT
2025-09-09 15:10:00+05:30,2025-09-09 15:15:00+05:30,522.3,120750.0,-120227.7,-240455.4,13162104.800000008,End of Candle,SHORT
2025-09-10 10:45:00+05:30,2025-09-10 10:50:00+05:30,608.0,613.0,-5.0,-10.0,13162094.800000008,Stoploss Hit,SHORT
2025-09-10 10:50:00+05:30,2025-09-10 10:55:00+05:30,615.0,620.0,-5.0,-10.0,13162084.800000008,Stoploss Hit,SHORT
2025-09-10 11:20:00+05:30,2025-09-10 11:25:00+05:30,610.0,111375.0,-110765.0,-221530.0,12940554.800000008,End of Candle,SHORT
2025-09-10 11:25:00+05:30,2025-09-10 11:30:00+05:30,608.7,111300.0,-110691.3,-221382.6,12719172.200000009,End of Candle,SHORT
2025-09-10 11:35:00+05:30,2025-09-10 11:40:00+05:30,610.4,111225.0,-110614.6,-221229.2,12497943.00000001,End of Candle,SHORT
2025-09-10 11:50:00+05:30,2025-09-10 11:55:00+05:30,605.0,111000.0,-110395.0,-220790.0,12277153.00000001,End of Candle,SHORT
2025-09-10 11:55:00+05:30,2025-09-10 12:00:00+05:30,601.95,110700.0,-110098.05,-220196.1,12056956.90000001,End of Candle,SHORT
2025-09-10 12:05:00+05:30,2025-09-10 12:10:00+05:30,606.95,110775.0,-110168.05,-220336.1,11836620.80000001,End of Candle,SHORT
2025-09-10 12:25:00+05:30,2025-09-10 12:30:00+05:30,607.35,612.35,-5.0,-10.0,11836610.80000001,Stoploss Hit,SHORT
2025-09-10 12:45:00+05:30,2025-09-10 12:50:00+05:30,608.25,110550.0,-109941.75,-219883.5,11616727.30000001,End of Candle,SHORT
2025-09-10 12:55:00+05:30,2025-09-10 13:00:00+05:30,602.7,110625.0,-110022.3,-220044.6,11396682.70000001,End of Candle,SHORT
2025-09-10 13:05:00+05:30,2025-09-10 13:10:00+05:30,596.9,110700.0,-110103.1,-220206.2,11176476.500000011,End of Candle,SHORT
2025-09-10 13:15:00+05:30,2025-09-10 13:20:00+05:30,583.4,109650.0,-109066.6,-218133.2,10958343.300000012,End of Candle,SHORT
2025-09-10 13:20:00+05:30,2025-09-10 13:25:00+05:30,585.0,590.0,-5.0,-10.0,10958333.300000012,Stoploss Hit,SHORT
2025-09-10 13:35:00+05:30,2025-09-10 13:40:00+05:30,585.0,590.0,-5.0,-10.0,10958323.300000012,Stoploss Hit,SHORT
2025-09-10 13:40:00+05:30,2025-09-10 13:45:00+05:30,592.0,108075.0,-107483.0,-214966.0,10743357.300000012,End of Candle,SHORT
2025-09-10 13:55:00+05:30,2025-09-10 14:00:00+05:30,586.5,107925.0,-107338.5,-214677.0,10528680.300000012,End of Candle,SHORT
2025-09-10 14:10:00+05:30,2025-09-10 14:15:00+05:30,595.0,585.0,10.0,20.0,10528700.300000012,Target Hit,SHORT
2025-09-10 14:20:00+05:30,2025-09-10 14:25:00+05:30,584.0,108525.0,-107941.0,-215882.0,10312818.300000012,End of Candle,SHORT
2025-09-10 14:45:00+05:30,2025-09-10 14:50:00+05:30,588.7,109350.0,-108761.3,-217522.6,10095295.700000012,End of Candle,SHORT
2025-09-10 14:55:00+05:30,2025-09-10 15:00:00+05:30,590.0,109575.0,108985.0,217970.0,10313265.700000012,End of Candle,LONG
2025-09-10 15:10:00+05:30,2025-09-10 15:15:00+05:30,597.95,109350.0,108752.05,217504.1,10530769.800000012,End of Candle,LONG
2025-09-10 15:15:00+05:30,2025-09-10 15:20:00+05:30,601.05,109275.0,108673.95,217347.9,10748117.700000012,End of Candle,LONG
2025-09-10 15:20:00+05:30,2025-09-10 15:25:00+05:30,600.1,108750.0,108149.9,216299.8,10964417.500000013,End of Candle,LONG
2025-09-11 09:20:00+05:30,2025-09-11 09:25:00+05:30,611.9,108225.0,-107613.1,-215226.2,10749191.300000014,End of Candle,SHORT
2025-09-11 09:30:00+05:30,2025-09-11 09:35:00+05:30,605.15,610.15,-5.0,-10.0,10749181.300000014,Stoploss Hit,SHORT
2025-09-11 09:35:00+05:30,2025-09-11 09:40:00+05:30,611.95,601.95,10.0,20.0,10749201.300000014,Target Hit,SHORT
2025-09-11 09:45:00+05:30,2025-09-11 09:50:00+05:30,605.0,108525.0,-107920.0,-215840.0,10533361.300000014,End of Candle,SHORT
2025-09-11 09:50:00+05:30,2025-09-11 09:55:00+05:30,606.0,108525.0,-107919.0,-215838.0,10317523.300000014,End of Candle,SHORT
2025-09-11 10:00:00+05:30,2025-09-11 10:05:00+05:30,595.95,108675.0,-108079.05,-216158.1,10101365.200000014,End of Candle,SHORT
2025-09-11 10:05:00+05:30,2025-09-11 10:10:00+05:30,586.9,108600.0,-108013.1,-216026.2,9885339.000000015,End of Candle,SHORT
2025-09-11 10:10:00+05:30,2025-09-11 10:15:00+05:30,588.4,108975.0,-108386.6,-216773.2,9668565.800000016,End of Candle,SHORT
2025-09-11 10:35:00+05:30,2025-09-11 10:40:00+05:30,600.0,109650.0,109050.0,218100.0,9886665.800000016,End of Candle,LONG
2025-09-11 10:50:00+05:30,2025-09-11 10:55:00+05:30,600.0,109725.0,109125.0,218250.0,10104915.800000016,End of Candle,LONG
2025-09-11 11:25:00+05:30,2025-09-11 11:30:00+05:30,603.0,109650.0,109047.0,218094.0,10323009.800000016,End of Candle,LONG
2025-09-11 12:05:00+05:30,2025-09-11 12:10:00+05:30,594.75,109425.0,108830.25,217660.5,10540670.300000016,End of Candle,LONG
2025-09-11 12:40:00+05:30,2025-09-11 12:45:00+05:30,611.0,108975.0,-108364.0,-216728.0,10323942.300000016,End of Candle,SHORT
2025-09-11 12:55:00+05:30,2025-09-11 13:00:00+05:30,613.85,108975.0,-108361.15,-216722.3,10107220.000000015,End of Candle,SHORT
2025-09-11 13:20:00+05:30,2025-09-11 13:25:00+05:30,608.05,108375.0,-107766.95,-215533.9,9891686.100000015,End of Candle,SHORT
2025-09-11 13:25:00+05:30,2025-09-11 13:30:00+05:30,611.6,108375.0,-107763.4,-215526.8,9676159.300000014,End of Candle,SHORT
2025-09-11 13:55:00+05:30,2025-09-11 14:00:00+05:30,610.3,108600.0,-107989.7,-215979.4,9460179.900000013,End of Candle,SHORT
2025-09-11 14:00:00+05:30,2025-09-11 14:05:00+05:30,611.75,108600.0,-107988.25,-215976.5,9244203.400000013,End of Candle,SHORT
2025-09-11 14:35:00+05:30,2025-09-11 14:40:00+05:30,618.25,104925.0,-104306.75,-208613.5,9035589.900000013,End of Candle,SHORT
2025-09-11 15:10:00+05:30,2025-09-11 15:15:00+05:30,614.0,104550.0,-103936.0,-207872.0,8827717.900000013,End of Candle,SHORT
2025-09-12 09:25:00+05:30,2025-09-12 09:30:00+05:30,640.0,103425.0,-102785.0,-205570.0,8622147.900000013,End of Candle,SHORT
2025-09-12 09:30:00+05:30,2025-09-12 09:35:00+05:30,633.45,103425.0,-102791.55,-205583.1,8416564.800000014,End of Candle,SHORT
2025-09-12 09:45:00+05:30,2025-09-12 09:50:00+05:30,636.05,641.05,-5.0,-10.0,8416554.800000014,Stoploss Hit,SHORT
2025-09-12 11:00:00+05:30,2025-09-12 11:05:00+05:30,658.1,663.1,-5.0,-10.0,8416544.800000014,Stoploss Hit,SHORT
2025-09-12 11:20:00+05:30,2025-09-12 11:25:00+05:30,675.55,680.55,-5.0,-10.0,8416534.800000014,Stoploss Hit,SHORT
2025-09-12 11:45:00+05:30,2025-09-12 11:50:00+05:30,680.0,97500.0,-96820.0,-193640.0,8222894.800000014,End of Candle,SHORT
2025-09-12 12:20:00+05:30,2025-09-12 12:25:00+05:30,680.35,98250.0,-97569.65,-195139.3,8027755.500000014,End of Candle,SHORT
2025-09-12 12:40:00+05:30,2025-09-12 12:45:00+05:30,678.0,98025.0,-97347.0,-194694.0,7833061.500000014,End of Candle,SHORT
2025-09-12 13:05:00+05:30,2025-09-12 13:10:00+05:30,676.0,97725.0,-97049.0,-194098.0,7638963.500000014,End of Candle,SHORT
2025-09-12 13:35:00+05:30,2025-09-12 13:40:00+05:30,685.85,97875.0,-97189.15,-194378.3,7444585.200000014,End of Candle,SHORT
2025-09-12 13:50:00+05:30,2025-09-12 13:55:00+05:30,678.0,683.0,-5.0,-10.0,7444575.200000014,Stoploss Hit,SHORT
2025-09-12 14:15:00+05:30,2025-09-12 14:20:00+05:30,682.3,97800.0,-97117.7,-194235.4,7250339.800000014,End of Candle,SHORT
2025-09-12 14:30:00+05:30,2025-09-12 14:35:00+05:30,676.65,96000.0,-95323.35,-190646.7,7059693.100000014,End of Candle,SHORT
2025-09-12 14:35:00+05:30,2025-09-12 14:40:00+05:30,677.1,96075.0,-95397.9,-190795.8,6868897.300000014,End of Candle,SHORT
2025-09-12 14:40:00+05:30,2025-09-12 14:45:00+05:30,677.1,95775.0,-95097.9,-190195.8,6678701.500000014,End of Candle,SHORT
2025-09-12 14:50:00+05:30,2025-09-12 14:55:00+05:30,673.1,95775.0,-95101.9,-190203.8,6488497.700000014,End of Candle,SHORT
2025-09-12 14:55:00+05:30,2025-09-12 15:00:00+05:30,667.95,95775.0,-95107.05,-190214.1,6298283.6000000145,End of Candle,SHORT
2025-09-12 15:00:00+05:30,2025-09-12 15:05:00+05:30,667.95,672.95,-5.0,-10.0,6298273.6000000145,Stoploss Hit,SHORT
2025-09-15 09:20:00+05:30,2025-09-15 09:25:00+05:30,658.95,663.95,-5.0,-10.0,6298263.6000000145,Stoploss Hit,SHORT
2025-09-15 09:35:00+05:30,2025-09-15 09:40:00+05:30,651.55,94875.0,-94223.45,-188446.9,6109816.700000014,End of Candle,SHORT
2025-09-15 09:40:00+05:30,2025-09-15 09:45:00+05:30,648.85,653.85,-5.0,-10.0,6109806.700000014,Stoploss Hit,SHORT
2025-09-15 10:05:00+05:30,2025-09-15 10:10:00+05:30,655.0,645.0,10.0,20.0,6109826.700000014,Target Hit,SHORT
2025-09-15 10:15:00+05:30,2025-09-15 10:20:00+05:30,650.0,95025.0,-94375.0,-188750.0,5921076.700000014,End of Candle,SHORT
2025-09-15 10:45:00+05:30,2025-09-15 10:50:00+05:30,643.1,93600.0,-92956.9,-185913.8,5735162.900000014,End of Candle,SHORT
2025-09-15 10:50:00+05:30,2025-09-15 10:55:00+05:30,642.9,93525.0,-92882.1,-185764.2,5549398.700000014,End of Candle,SHORT
2025-09-15 11:05:00+05:30,2025-09-15 11:10:00+05:30,643.1,93525.0,-92881.9,-185763.8,5363634.900000014,End of Candle,SHORT
2025-09-15 11:20:00+05:30,2025-09-15 11:25:00+05:30,640.0,645.0,-5.0,-10.0,5363624.900000014,Stoploss Hit,SHORT
2025-09-15 11:45:00+05:30,2025-09-15 11:50:00+05:30,653.45,93525.0,-92871.55,-185743.1,5177881.800000015,End of Candle,SHORT
2025-09-15 12:20:00+05:30,2025-09-15 12:25:00+05:30,661.2,92025.0,-91363.8,-182727.6,4995154.200000015,End of Candle,SHORT
2025-09-15 12:40:00+05:30,2025-09-15 12:45:00+05:30,655.0,92025.0,-91370.0,-182740.0,4812414.200000015,End of Candle,SHORT
2025-09-15 12:45:00+05:30,2025-09-15 12:50:00+05:30,652.0,657.0,-5.0,-10.0,4812404.200000015,Stoploss Hit,SHORT
2025-09-15 12:50:00+05:30,2025-09-15 12:55:00+05:30,655.0,91950.0,-91295.0,-182590.0,4629814.200000015,End of Candle,SHORT
2025-09-15 13:25:00+05:30,2025-09-15 13:30:00+05:30,663.7,92250.0,-91586.3,-183172.6,4446641.600000015,End of Candle,SHORT
2025-09-15 13:45:00+05:30,2025-09-15 13:50:00+05:30,649.0,92400.0,-91751.0,-183502.0,4263139.600000015,End of Candle,SHORT
2025-09-15 14:15:00+05:30,2025-09-15 14:20:00+05:30,642.85,92025.0,-91382.15,-182764.3,4080375.3000000156,End of Candle,SHORT
2025-09-15 14:20:00+05:30,2025-09-15 14:25:00+05:30,642.05,93225.0,-92582.95,-185165.9,3895209.4000000157,End of Candle,SHORT
2025-09-15 14:30:00+05:30,2025-09-15 14:35:00+05:30,645.55,93225.0,92579.45,185158.9,4080368.3000000156,End of Candle,LONG
2025-09-15 14:35:00+05:30,2025-09-15 14:40:00+05:30,645.55,640.55,-5.0,-10.0,4080358.3000000156,Stoploss Hit,LONG
2025-09-15 14:45:00+05:30,2025-09-15 14:50:00+05:30,648.05,94350.0,93701.95,187403.9,4267762.200000016,End of Candle,LONG
2025-09-15 15:00:00+05:30,2025-09-15 15:05:00+05:30,646.15,92775.0,92128.85,184257.7,4452019.900000016,End of Candle,LONG
2025-09-16 09:20:00+05:30,2025-09-16 09:25:00+05:30,658.2,92700.0,-92041.8,-184083.6,4267936.300000017,End of Candle,SHORT
2025-09-16 09:45:00+05:30,2025-09-16 09:50:00+05:30,675.7,680.7,-5.0,-10.0,4267926.300000017,Stoploss Hit,SHORT
2025-09-16 10:25:00+05:30,2025-09-16 10:30:00+05:30,716.15,90675.0,-89958.85,-179917.7,4088008.6000000164,End of Candle,SHORT
2025-09-16 10:45:00+05:30,2025-09-16 10:50:00+05:30,706.1,90900.0,-90193.9,-180387.8,3907620.8000000166,End of Candle,SHORT
2025-09-16 11:00:00+05:30,2025-09-16 11:05:00+05:30,705.1,91200.0,-90494.9,-180989.8,3726631.0000000168,End of Candle,SHORT
2025-09-16 11:10:00+05:30,2025-09-16 11:15:00+05:30,709.25,91125.0,-90415.75,-180831.5,3545799.5000000168,End of Candle,SHORT
2025-09-16 12:15:00+05:30,2025-09-16 12:20:00+05:30,721.15,726.15,-5.0,-10.0,3545789.5000000168,Stoploss Hit,SHORT
2025-09-16 12:40:00+05:30,2025-09-16 12:45:00+05:30,740.0,90675.0,-89935.0,-179870.0,3365919.5000000168,End of Candle,SHORT
2025-09-16 12:45:00+05:30,2025-09-16 12:50:00+05:30,740.5,90750.0,-90009.5,-180019.0,3185900.5000000168,End of Candle,SHORT
2025-09-16 12:55:00+05:30,2025-09-16 13:00:00+05:30,736.95,90825.0,-90088.05,-180176.1,3005724.4000000167,End of Candle,SHORT
2025-09-16 13:05:00+05:30,2025-09-16 13:10:00+05:30,734.35,724.35,10.0,20.0,3005744.4000000167,Target Hit,SHORT
2025-09-16 13:15:00+05:30,2025-09-16 13:20:00+05:30,729.5,90975.0,-90245.5,-180491.0,2825253.4000000167,End of Candle,SHORT
2025-09-16 14:05:00+05:30,2025-09-16 14:10:00+05:30,718.0,90975.0,90257.0,180514.0,3005767.4000000167,End of Candle,LONG
2025-09-16 14:20:00+05:30,2025-09-16 14:25:00+05:30,740.0,90975.0,90235.0,180470.0,3186237.4000000167,End of Candle,LONG
2025-09-16 14:25:00+05:30,2025-09-16 14:30:00+05:30,740.0,90900.0,90160.0,180320.0,3366557.4000000167,End of Candle,LONG
2025-09-16 14:50:00+05:30,2025-09-16 14:55:00+05:30,755.0,90900.0,-90145.0,-180290.0,3186267.4000000167,End of Candle,SHORT
2025-09-17 09:20:00+05:30,2025-09-17 09:25:00+05:30,821.65,816.65,-5.0,-10.0,3186257.4000000167,Stoploss Hit,LONG
2025-09-17 09:40:00+05:30,2025-09-17 09:45:00+05:30,838.0,833.0,-5.0,-10.0,3186247.4000000167,Stoploss Hit,LONG
2025-09-17 10:05:00+05:30,2025-09-17 10:10:00+05:30,833.0,94350.0,93517.0,187034.0,3373281.4000000167,End of Candle,LONG
2025-09-17 10:10:00+05:30,2025-09-17 10:15:00+05:30,833.0,828.0,-5.0,-10.0,3373271.4000000167,Stoploss Hit,LONG
2025-09-17 10:45:00+05:30,2025-09-17 10:50:00+05:30,826.0,93525.0,92699.0,185398.0,3558669.4000000167,End of Candle,LONG
2025-09-17 11:00:00+05:30,2025-09-17 11:05:00+05:30,844.45,93375.0,92530.55,185061.1,3743730.5000000168,End of Candle,LONG
2025-09-17 11:15:00+05:30,2025-09-17 11:20:00+05:30,849.75,844.75,-5.0,-10.0,3743720.5000000168,Stoploss Hit,LONG
2025-09-17 11:20:00+05:30,2025-09-17 11:25:00+05:30,841.5,93300.0,92458.5,184917.0,3928637.5000000168,End of Candle,LONG
2025-09-17 11:45:00+05:30,2025-09-17 11:50:00+05:30,838.95,93300.0,92461.05,184922.1,4113559.600000017,End of Candle,LONG
2025-09-17 12:20:00+05:30,2025-09-17 12:25:00+05:30,840.0,92400.0,-91560.0,-183120.0,3930439.600000017,End of Candle,SHORT
2025-09-17 12:45:00+05:30,2025-09-17 12:50:00+05:30,850.0,91500.0,-90650.0,-181300.0,3749139.600000017,End of Candle,SHORT
2025-09-17 12:55:00+05:30,2025-09-17 13:00:00+05:30,844.5,849.5,-5.0,-10.0,3749129.600000017,Stoploss Hit,SHORT
2025-09-17 13:45:00+05:30,2025-09-17 13:50:00+05:30,845.0,92175.0,-91330.0,-182660.0,3566469.600000017,End of Candle,SHORT
2025-09-17 14:05:00+05:30,2025-09-17 14:10:00+05:30,824.55,92175.0,-91350.45,-182700.9,3383768.700000017,End of Candle,SHORT
2025-09-17 14:10:00+05:30,2025-09-17 14:15:00+05:30,822.0,92175.0,-91353.0,-182706.0,3201062.700000017,End of Candle,SHORT
2025-09-17 14:30:00+05:30,2025-09-17 14:35:00+05:30,820.25,91875.0,-91054.75,-182109.5,3018953.200000017,End of Candle,SHORT
2025-09-18 09:15:00+05:30,2025-09-18 09:20:00+05:30,892.5,897.5,-5.0,-10.0,3018943.200000017,Stoploss Hit,SHORT
2025-09-18 09:40:00+05:30,2025-09-18 09:45:00+05:30,902.0,91350.0,-90448.0,-180896.0,2838047.200000017,End of Candle,SHORT
2025-09-18 09:55:00+05:30,2025-09-18 10:00:00+05:30,898.5,90525.0,-89626.5,-179253.0,2658794.200000017,End of Candle,SHORT
2025-09-18 10:20:00+05:30,2025-09-18 10:25:00+05:30,893.0,90750.0,-89857.0,-179714.0,2479080.200000017,End of Candle,SHORT
2025-09-18 10:25:00+05:30,2025-09-18 10:30:00+05:30,893.0,898.0,-5.0,-10.0,2479070.200000017,Stoploss Hit,SHORT
2025-09-18 10:50:00+05:30,2025-09-18 10:55:00+05:30,911.55,96975.0,96063.45,192126.9,2671197.100000017,End of Candle,LONG
2025-09-18 11:10:00+05:30,2025-09-18 11:15:00+05:30,914.0,909.0,-5.0,-10.0,2671187.100000017,Stoploss Hit,LONG
2025-09-18 11:35:00+05:30,2025-09-18 11:40:00+05:30,910.1,109575.0,108664.9,217329.8,2888516.9000000167,End of Candle,LONG
2025-09-18 12:10:00+05:30,2025-09-18 12:15:00+05:30,900.45,109575.0,108674.55,217349.1,3105866.0000000168,End of Candle,LONG
2025-09-18 13:00:00+05:30,2025-09-18 13:05:00+05:30,850.0,860.0,10.0,20.0,3105886.0000000168,Target Hit,LONG
2025-09-18 13:30:00+05:30,2025-09-18 13:35:00+05:30,870.0,109425.0,108555.0,217110.0,3322996.0000000168,End of Candle,LONG
2025-09-18 13:50:00+05:30,2025-09-18 13:55:00+05:30,870.0,109575.0,108705.0,217410.0,3540406.0000000168,End of Candle,LONG
2025-09-18 14:50:00+05:30,2025-09-18 14:55:00+05:30,875.0,885.0,10.0,20.0,3540426.0000000168,Target Hit,LONG
2025-09-18 14:55:00+05:30,2025-09-18 15:00:00+05:30,890.0,108900.0,108010.0,216020.0,3756446.0000000168,End of Candle,LONG
2025-09-18 15:00:00+05:30,2025-09-18 15:05:00+05:30,898.0,908.0,10.0,20.0,3756466.0000000168,Target Hit,LONG
2025-09-19 09:20:00+05:30,2025-09-19 09:25:00+05:30,837.9,107025.0,-106187.1,-212374.2,3544091.8000000166,End of Candle,SHORT
2025-09-19 09:30:00+05:30,2025-09-19 09:35:00+05:30,808.5,798.5,10.0,20.0,3544111.8000000166,Target Hit,SHORT
2025-09-19 09:35:00+05:30,2025-09-19 09:40:00+05:30,798.0,803.0,-5.0,-10.0,3544101.8000000166,Stoploss Hit,SHORT
2025-09-19 09:40:00+05:30,2025-09-19 09:45:00+05:30,809.0,106725.0,-105916.0,-211832.0,3332269.8000000166,End of Candle,SHORT
2025-09-19 10:00:00+05:30,2025-09-19 10:05:00+05:30,800.0,106575.0,-105775.0,-211550.0,3120719.8000000166,End of Candle,SHORT
2025-09-19 10:20:00+05:30,2025-09-19 10:25:00+05:30,808.0,106275.0,-105467.0,-210934.0,2909785.8000000166,End of Candle,SHORT
2025-09-19 11:10:00+05:30,2025-09-19 11:15:00+05:30,802.5,106650.0,-105847.5,-211695.0,2698090.8000000166,End of Candle,SHORT
2025-09-19 11:25:00+05:30,2025-09-19 11:30:00+05:30,801.0,106575.0,-105774.0,-211548.0,2486542.8000000166,End of Candle,SHORT
2025-09-19 11:30:00+05:30,2025-09-19 11:35:00+05:30,801.0,791.0,10.0,20.0,2486562.8000000166,Target Hit,SHORT
2025-09-19 11:40:00+05:30,2025-09-19 11:45:00+05:30,795.5,111825.0,-111029.5,-222059.0,2264503.8000000166,End of Candle,SHORT
2025-09-19 12:15:00+05:30,2025-09-19 12:20:00+05:30,791.0,112350.0,111559.0,223118.0,2487621.8000000166,End of Candle,LONG
2025-09-19 12:45:00+05:30,2025-09-19 12:50:00+05:30,791.0,111900.0,111109.0,222218.0,2709839.8000000166,End of Candle,LONG
2025-09-19 12:55:00+05:30,2025-09-19 13:00:00+05:30,791.0,111900.0,111109.0,222218.0,2932057.8000000166,End of Candle,LONG
2025-09-19 13:15:00+05:30,2025-09-19 13:20:00+05:30,812.0,111900.0,111088.0,222176.0,3154233.8000000166,End of Candle,LONG
2025-09-19 13:30:00+05:30,2025-09-19 13:35:00+05:30,819.0,111750.0,110931.0,221862.0,3376095.8000000166,End of Candle,LONG
2025-09-19 13:40:00+05:30,2025-09-19 13:45:00+05:30,824.0,111750.0,110926.0,221852.0,3597947.8000000166,End of Candle,LONG
2025-09-19 13:55:00+05:30,2025-09-19 14:00:00+05:30,826.0,111675.0,110849.0,221698.0,3819645.8000000166,End of Candle,LONG
2025-09-19 14:05:00+05:30,2025-09-19 14:10:00+05:30,828.0,111750.0,110922.0,221844.0,4041489.8000000166,End of Candle,LONG
2025-09-19 14:20:00+05:30,2025-09-19 14:25:00+05:30,833.0,828.0,-5.0,-10.0,4041479.8000000166,Stoploss Hit,LONG
2025-09-19 14:55:00+05:30,2025-09-19 15:00:00+05:30,836.0,831.0,-5.0,-10.0,4041469.8000000166,Stoploss Hit,LONG
2025-09-19 15:15:00+05:30,2025-09-19 15:20:00+05:30,826.5,112425.0,111598.5,223197.0,4264666.800000017,End of Candle,LONG
2025-09-19 15:20:00+05:30,2025-09-19 15:25:00+05:30,824.55,112350.0,111525.45,223050.9,4487717.700000017,End of Candle,LONG
2025-09-22 09:15:00+05:30,2025-09-22 09:20:00+05:30,747.95,108900.0,108152.05,216304.1,4704021.800000017,End of Candle,LONG
2025-09-22 09:55:00+05:30,2025-09-22 10:00:00+05:30,780.0,785.0,-5.0,-10.0,4704011.800000017,Stoploss Hit,SHORT
2025-09-22 10:25:00+05:30,2025-09-22 10:30:00+05:30,798.0,108375.0,-107577.0,-215154.0,4488857.800000017,End of Candle,SHORT
2025-09-22 10:55:00+05:30,2025-09-22 11:00:00+05:30,796.55,108825.0,-108028.45,-216056.9,4272800.900000016,End of Candle,SHORT
2025-09-22 11:10:00+05:30,2025-09-22 11:15:00+05:30,787.0,109425.0,-108638.0,-217276.0,4055524.900000016,End of Candle,SHORT
2025-09-22 11:45:00+05:30,2025-09-22 11:50:00+05:30,783.9,109575.0,108791.1,217582.2,4273107.100000016,End of Candle,LONG
2025-09-22 12:00:00+05:30,2025-09-22 12:05:00+05:30,785.05,110250.0,109464.95,218929.9,4492037.000000017,End of Candle,LONG
2025-09-22 12:25:00+05:30,2025-09-22 12:30:00+05:30,780.1,110850.0,110069.9,220139.8,4712176.800000017,End of Candle,LONG
2025-09-22 12:30:00+05:30,2025-09-22 12:35:00+05:30,780.1,110850.0,110069.9,220139.8,4932316.600000016,End of Candle,LONG
2025-09-22 12:50:00+05:30,2025-09-22 12:55:00+05:30,783.0,110925.0,110142.0,220284.0,5152600.600000016,End of Candle,LONG
2025-09-22 13:35:00+05:30,2025-09-22 13:40:00+05:30,778.0,111000.0,110222.0,220444.0,5373044.600000016,End of Candle,LONG
2025-09-22 13:50:00+05:30,2025-09-22 13:55:00+05:30,780.0,112125.0,111345.0,222690.0,5595734.600000016,End of Candle,LONG
2025-09-22 14:20:00+05:30,2025-09-22 14:25:00+05:30,764.5,112200.0,111435.5,222871.0,5818605.600000016,End of Candle,LONG
2025-09-22 14:55:00+05:30,2025-09-22 15:00:00+05:30,724.95,120450.0,119725.05,239450.1,6058055.700000016,End of Candle,LONG
2025-09-22 15:10:00+05:30,2025-09-22 15:15:00+05:30,708.0,120375.0,119667.0,239334.0,6297389.700000016,End of Candle,LONG
2025-09-22 15:25:00+05:30,2025-09-23 09:15:00+05:30,720.0,715.0,-5.0,-10.0,6297379.700000016,Stoploss Hit,LONG
2025-09-23 09:15:00+05:30,2025-09-23 09:20:00+05:30,718.05,121350.0,120631.95,241263.9,6538643.600000016,End of Candle,LONG
2025-09-23 09:25:00+05:30,2025-09-23 09:30:00+05:30,698.55,693.55,-5.0,-10.0,6538633.600000016,Stoploss Hit,LONG
2025-09-23 09:55:00+05:30,2025-09-23 10:00:00+05:30,657.5,124650.0,123992.5,247985.0,6786618.600000016,End of Candle,LONG
2025-09-23 10:00:00+05:30,2025-09-23 10:05:00+05:30,660.0,670.0,10.0,20.0,6786638.600000016,Target Hit,LONG
2025-09-23 10:10:00+05:30,2025-09-23 10:15:00+05:30,660.0,655.0,-5.0,-10.0,6786628.600000016,Stoploss Hit,LONG
2025-09-23 10:30:00+05:30,2025-09-23 10:35:00+05:30,651.55,661.55,10.0,20.0,6786648.600000016,Target Hit,LONG
2025-09-23 10:40:00+05:30,2025-09-23 10:45:00+05:30,655.6,124275.0,123619.4,247238.8,7033887.400000016,End of Candle,LONG
2025-09-23 11:05:00+05:30,2025-09-23 11:10:00+05:30,649.0,644.0,-5.0,-10.0,7033877.400000016,Stoploss Hit,LONG
2025-09-23 11:30:00+05:30,2025-09-23 11:35:00+05:30,632.55,126675.0,126042.45,252084.9,7285962.300000017,End of Candle,LONG
2025-09-23 11:50:00+05:30,2025-09-23 11:55:00+05:30,644.55,127125.0,126480.45,252960.9,7538923.200000017,End of Candle,LONG
2025-09-23 12:00:00+05:30,2025-09-23 12:05:00+05:30,649.05,127125.0,126475.95,252951.9,7791875.100000017,End of Candle,LONG
2025-09-23 12:10:00+05:30,2025-09-23 12:15:00+05:30,656.35,666.35,10.0,20.0,7791895.100000017,Target Hit,LONG
2025-09-23 12:20:00+05:30,2025-09-23 12:25:00+05:30,665.2,126975.0,126309.8,252619.6,8044514.700000017,End of Candle,LONG
2025-09-23 12:35:00+05:30,2025-09-23 12:40:00+05:30,718.0,713.0,-5.0,-10.0,8044504.700000017,Stoploss Hit,LONG
2025-09-23 12:40:00+05:30,2025-09-23 12:45:00+05:30,693.5,688.5,-5.0,-10.0,8044494.700000017,Stoploss Hit,LONG
2025-09-23 12:45:00+05:30,2025-09-23 12:50:00+05:30,696.5,123825.0,-123128.5,-246257.0,7798237.700000017,End of Candle,SHORT
2025-09-23 12:50:00+05:30,2025-09-23 12:55:00+05:30,697.3,123900.0,-123202.7,-246405.4,7551832.300000017,End of Candle,SHORT
2025-09-23 13:00:00+05:30,2025-09-23 13:05:00+05:30,711.95,701.95,10.0,20.0,7551852.300000017,Target Hit,SHORT
2025-09-23 13:30:00+05:30,2025-09-23 13:35:00+05:30,745.0,740.0,-5.0,-10.0,7551842.300000017,Stoploss Hit,LONG
2025-09-23 13:35:00+05:30,2025-09-23 13:40:00+05:30,735.0,128625.0,127890.0,255780.0,7807622.300000017,End of Candle,LONG
2025-09-23 14:10:00+05:30,2025-09-23 14:15:00+05:30,737.95,732.95,-5.0,-10.0,7807612.300000017,Stoploss Hit,LONG
2025-09-23 14:45:00+05:30,2025-09-23 14:50:00+05:30,725.1,720.1,-5.0,-10.0,7807602.300000017,Stoploss Hit,LONG
2025-09-23 14:50:00+05:30,2025-09-23 14:55:00+05:30,719.5,714.5,-5.0,-10.0,7807592.300000017,Stoploss Hit,LONG
2025-09-24 09:50:00+05:30,2025-09-24 09:55:00+05:30,607.85,602.85,-5.0,-10.0,7807582.300000017,Stoploss Hit,LONG
2025-09-24 09:55:00+05:30,2025-09-24 10:00:00+05:30,609.0,131700.0,131091.0,262182.0,8069764.300000017,End of Candle,LONG
2025-09-24 10:15:00+05:30,2025-09-24 10:20:00+05:30,618.0,130950.0,130332.0,260664.0,8330428.300000017,End of Candle,LONG
2025-09-24 10:20:00+05:30,2025-09-24 10:25:00+05:30,615.35,130950.0,130334.65,260669.3,8591097.600000016,End of Candle,LONG
2025-09-24 10:55:00+05:30,2025-09-24 11:00:00+05:30,602.2,597.2,-5.0,-10.0,8591087.600000016,Stoploss Hit,LONG
2025-09-24 11:00:00+05:30,2025-09-24 11:05:00+05:30,579.3,574.3,-5.0,-10.0,8591077.600000016,Stoploss Hit,LONG
2025-09-24 11:10:00+05:30,2025-09-24 11:15:00+05:30,583.0,129450.0,-128867.0,-257734.0,8333343.600000016,End of Candle,SHORT
2025-09-24 11:45:00+05:30,2025-09-24 11:50:00+05:30,596.05,128925.0,-128328.95,-256657.9,8076685.700000016,End of Candle,SHORT
2025-09-24 12:05:00+05:30,2025-09-24 12:10:00+05:30,594.0,599.0,-5.0,-10.0,8076675.700000016,Stoploss Hit,SHORT
2025-09-24 12:20:00+05:30,2025-09-24 12:25:00+05:30,612.0,133725.0,133113.0,266226.0,8342901.700000016,End of Candle,LONG
2025-09-24 12:25:00+05:30,2025-09-24 12:30:00+05:30,614.0,133725.0,133111.0,266222.0,8609123.700000016,End of Candle,LONG
2025-09-24 12:40:00+05:30,2025-09-24 12:45:00+05:30,610.0,605.0,-5.0,-10.0,8609113.700000016,Stoploss Hit,LONG
2025-09-24 12:55:00+05:30,2025-09-24 13:00:00+05:30,618.5,628.5,10.0,20.0,8609133.700000016,Target Hit,LONG
2025-09-24 13:00:00+05:30,2025-09-24 13:05:00+05:30,629.6,133725.0,133095.4,266190.8,8875324.500000017,End of Candle,LONG
2025-09-24 13:05:00+05:30,2025-09-24 13:10:00+05:30,628.05,133800.0,133171.95,266343.9,9141668.400000017,End of Candle,LONG
2025-09-24 13:15:00+05:30,2025-09-24 13:20:00+05:30,644.0,639.0,-5.0,-10.0,9141658.400000017,Stoploss Hit,LONG
2025-09-24 13:20:00+05:30,2025-09-24 13:25:00+05:30,636.35,134250.0,133613.65,267227.3,9408885.700000018,End of Candle,LONG
2025-09-24 13:40:00+05:30,2025-09-24 13:45:00+05:30,638.5,633.5,-5.0,-10.0,9408875.700000018,Stoploss Hit,LONG
2025-09-24 14:00:00+05:30,2025-09-24 14:05:00+05:30,624.5,134325.0,133700.5,267401.0,9676276.700000018,End of Candle,LONG
2025-09-24 14:20:00+05:30,2025-09-24 14:25:00+05:30,610.0,605.0,-5.0,-10.0,9676266.700000018,Stoploss Hit,LONG
2025-09-24 14:45:00+05:30,2025-09-24 14:50:00+05:30,592.05,135300.0,134707.95,269415.9,9945682.600000018,End of Candle,LONG
2025-09-25 09:25:00+05:30,2025-09-25 09:30:00+05:30,577.0,572.0,-5.0,-10.0,9945672.600000018,Stoploss Hit,LONG
2025-09-25 09:45:00+05:30,2025-09-25 09:50:00+05:30,549.5,139050.0,138500.5,277001.0,10222673.600000018,End of Candle,LONG
2025-09-25 10:20:00+05:30,2025-09-25 10:25:00+05:30,549.7,154425.0,153875.3,307750.6,10530424.200000018,End of Candle,LONG
2025-09-25 10:25:00+05:30,2025-09-25 10:30:00+05:30,546.05,154500.0,153953.95,307907.9,10838332.100000018,End of Candle,LONG
2025-09-25 10:35:00+05:30,2025-09-25 10:40:00+05:30,528.05,157200.0,156671.95,313343.9,11151676.000000019,End of Candle,LONG
2025-09-25 10:50:00+05:30,2025-09-25 10:55:00+05:30,538.95,157875.0,157336.05,314672.1,11466348.100000018,End of Candle,LONG
2025-09-25 10:55:00+05:30,2025-09-25 11:00:00+05:30,534.0,158250.0,157716.0,315432.0,11781780.100000018,End of Candle,LONG
2025-09-25 11:10:00+05:30,2025-09-25 11:15:00+05:30,546.95,158400.0,157853.05,315706.1,12097486.200000018,End of Candle,LONG
2025-09-25 11:15:00+05:30,2025-09-25 11:20:00+05:30,544.0,554.0,10.0,20.0,12097506.200000018,Target Hit,LONG
2025-09-25 11:25:00+05:30,2025-09-25 11:30:00+05:30,537.2,159825.0,159287.8,318575.6,12416081.800000018,End of Candle,LONG
2025-09-25 12:00:00+05:30,2025-09-25 12:05:00+05:30,518.0,513.0,-5.0,-10.0,12416071.800000018,Stoploss Hit,LONG
2025-09-25 12:20:00+05:30,2025-09-25 12:25:00+05:30,514.45,163950.0,163435.55,326871.1,12742942.900000017,End of Candle,LONG
2025-09-25 12:25:00+05:30,2025-09-25 12:30:00+05:30,516.1,511.1,-5.0,-10.0,12742932.900000017,Stoploss Hit,LONG
2025-09-25 12:45:00+05:30,2025-09-25 12:50:00+05:30,508.95,162750.0,162241.05,324482.1,13067415.000000017,End of Candle,LONG
2025-09-25 12:55:00+05:30,2025-09-25 13:00:00+05:30,517.15,162450.0,161932.85,323865.7,13391280.700000016,End of Candle,LONG
2025-09-25 13:05:00+05:30,2025-09-25 13:10:00+05:30,530.7,525.7,-5.0,-10.0,13391270.700000016,Stoploss Hit,LONG
2025-09-25 13:10:00+05:30,2025-09-25 13:15:00+05:30,525.1,520.1,-5.0,-10.0,13391260.700000016,Stoploss Hit,LONG
2025-09-25 13:15:00+05:30,2025-09-25 13:20:00+05:30,523.9,518.9,-5.0,-10.0,13391250.700000016,Stoploss Hit,LONG
2025-09-25 13:35:00+05:30,2025-09-25 13:40:00+05:30,523.25,165825.0,165301.75,330603.5,13721854.200000016,End of Candle,LONG
2025-09-25 13:45:00+05:30,2025-09-25 13:50:00+05:30,531.8,526.8,-5.0,-10.0,13721844.200000016,Stoploss Hit,LONG
2025-09-25 14:20:00+05:30,2025-09-25 14:25:00+05:30,511.05,506.05,-5.0,-10.0,13721834.200000016,Stoploss Hit,LONG
2025-09-25 14:30:00+05:30,2025-09-25 14:35:00+05:30,503.9,498.9,-5.0,-10.0,13721824.200000016,Stoploss Hit,LONG
2025-09-25 15:15:00+05:30,2025-09-25 15:20:00+05:30,484.3,479.3,-5.0,-10.0,13721814.200000016,Stoploss Hit,LONG
2025-09-25 15:20:00+05:30,2025-09-25 15:25:00+05:30,480.0,475.0,-5.0,-10.0,13721804.200000016,Stoploss Hit,LONG
2025-09-26 09:30:00+05:30,2025-09-26 09:35:00+05:30,396.0,391.0,-5.0,-10.0,13721794.200000016,Stoploss Hit,LONG
2025-09-26 09:45:00+05:30,2025-09-26 09:50:00+05:30,410.6,405.6,-5.0,-10.0,13721784.200000016,Stoploss Hit,LONG
2025-09-26 09:50:00+05:30,2025-09-26 09:55:00+05:30,404.65,414.65,10.0,20.0,13721804.200000016,Target Hit,LONG
2025-09-26 10:00:00+05:30,2025-09-26 10:05:00+05:30,401.25,396.25,-5.0,-10.0,13721794.200000016,Stoploss Hit,LONG
2025-09-26 10:20:00+05:30,2025-09-26 10:25:00+05:30,398.55,354450.0,354051.45,708102.9,14429897.100000016,End of Candle,LONG
2025-09-26 10:30:00+05:30,2025-09-26 10:35:00+05:30,396.3,379950.0,379553.7,759107.4,15189004.500000017,End of Candle,LONG
2025-09-26 10:40:00+05:30,2025-09-26 10:45:00+05:30,404.65,399.65,-5.0,-10.0,15188994.500000017,Stoploss Hit,LONG
2025-09-26 10:45:00+05:30,2025-09-26 10:50:00+05:30,404.95,399.95,-5.0,-10.0,15188984.500000017,Stoploss Hit,LONG
2025-09-26 10:50:00+05:30,2025-09-26 10:55:00+05:30,397.55,392.55,-5.0,-10.0,15188974.500000017,Stoploss Hit,LONG
2025-09-26 11:10:00+05:30,2025-09-26 11:15:00+05:30,384.0,379.0,-5.0,-10.0,15188964.500000017,Stoploss Hit,LONG
2025-09-26 11:30:00+05:30,2025-09-26 11:35:00+05:30,374.4,426375.0,426000.6,852001.2,16040965.700000016,End of Candle,LONG
2025-09-26 11:50:00+05:30,2025-09-26 11:55:00+05:30,384.0,433500.0,433116.0,866232.0,16907197.700000018,End of Candle,LONG
2025-09-26 11:55:00+05:30,2025-09-26 12:00:00+05:30,383.0,378.0,-5.0,-10.0,16907187.700000018,Stoploss Hit,LONG
2025-09-26 12:00:00+05:30,2025-09-26 12:05:00+05:30,378.75,431250.0,430871.25,861742.5,17768930.200000018,End of Candle,LONG
2025-09-26 12:25:00+05:30,2025-09-26 12:30:00+05:30,383.05,378.05,-5.0,-10.0,17768920.200000018,Stoploss Hit,LONG
2025-09-26 12:30:00+05:30,2025-09-26 12:35:00+05:30,377.35,430425.0,430047.65,860095.3,18629015.50000002,End of Candle,LONG
2025-09-26 12:45:00+05:30,2025-09-26 12:50:00+05:30,388.2,433425.0,433036.8,866073.6,19495089.10000002,End of Candle,LONG
2025-09-26 12:50:00+05:30,2025-09-26 12:55:00+05:30,389.5,434325.0,433935.5,867871.0,20362960.10000002,End of Candle,LONG
2025-09-26 12:55:00+05:30,2025-09-26 13:00:00+05:30,389.0,435750.0,435361.0,870722.0,21233682.10000002,End of Candle,LONG
2025-09-26 13:05:00+05:30,2025-09-26 13:10:00+05:30,387.75,382.75,-5.0,-10.0,21233672.10000002,Stoploss Hit,LONG
2025-09-26 13:50:00+05:30,2025-09-26 13:55:00+05:30,332.0,327.0,-5.0,-10.0,21233662.10000002,Stoploss Hit,LONG
2025-09-26 14:15:00+05:30,2025-09-26 14:20:00+05:30,319.45,314.45,-5.0,-10.0,21233652.10000002,Stoploss Hit,LONG
2025-09-26 14:40:00+05:30,2025-09-26 14:45:00+05:30,323.0,318.0,-5.0,-10.0,21233642.10000002,Stoploss Hit,LONG
2025-09-26 14:45:00+05:30,2025-09-26 14:50:00+05:30,324.25,319.25,-5.0,-10.0,21233632.10000002,Stoploss Hit,LONG
2025-09-26 14:55:00+05:30,2025-09-26 15:00:00+05:30,321.7,596925.0,596603.3,1193206.6,22426838.70000002,End of Candle,LONG
2025-09-26 15:05:00+05:30,2025-09-26 15:10:00+05:30,317.6,631650.0,631332.4,1262664.8,23689503.500000022,End of Candle,LONG
2025-09-26 15:20:00+05:30,2025-09-26 15:25:00+05:30,316.65,658125.0,657808.35,1315616.7,25005120.20000002,End of Candle,LONG
2025-09-26 15:25:00+05:30,2025-09-29 09:15:00+05:30,316.95,326.95,10.0,20.0,25005140.20000002,Target Hit,LONG
2025-09-29 09:20:00+05:30,2025-09-29 09:25:00+05:30,345.25,340.25,-5.0,-10.0,25005130.20000002,Stoploss Hit,LONG
2025-09-29 09:30:00+05:30,2025-09-29 09:35:00+05:30,356.0,644850.0,644494.0,1288988.0,26294118.20000002,End of Candle,LONG
2025-09-29 09:35:00+05:30,2025-09-29 09:40:00+05:30,358.1,644775.0,644416.9,1288833.8,27582952.000000022,End of Candle,LONG
2025-09-29 09:40:00+05:30,2025-09-29 09:45:00+05:30,362.15,656250.0,655887.85,1311775.7,28894727.70000002,End of Candle,LONG
2025-09-29 09:45:00+05:30,2025-09-29 09:50:00+05:30,360.4,652875.0,652514.6,1305029.2,30199756.90000002,End of Candle,LONG
2025-09-29 09:50:00+05:30,2025-09-29 09:55:00+05:30,368.55,651450.0,651081.45,1302162.9,31501919.80000002,End of Candle,LONG
2025-09-29 09:55:00+05:30,2025-09-29 10:00:00+05:30,369.4,653550.0,653180.6,1306361.2,32808281.00000002,End of Candle,LONG
2025-09-29 10:15:00+05:30,2025-09-29 10:20:00+05:30,386.1,657000.0,656613.9,1313227.8,34121508.80000002,End of Candle,LONG
2025-09-29 10:20:00+05:30,2025-09-29 10:25:00+05:30,386.0,381.0,-5.0,-10.0,34121498.80000002,Stoploss Hit,LONG
2025-09-29 10:25:00+05:30,2025-09-29 10:30:00+05:30,378.25,373.25,-5.0,-10.0,34121488.80000002,Stoploss Hit,LONG
2025-09-29 10:50:00+05:30,2025-09-29 10:55:00+05:30,355.0,669525.0,669170.0,1338340.0,35459828.80000002,End of Candle,LONG
2025-09-29 11:05:00+05:30,2025-09-29 11:10:00+05:30,369.3,364.3,-5.0,-10.0,35459818.80000002,Stoploss Hit,LONG
2025-09-29 11:10:00+05:30,2025-09-29 11:15:00+05:30,363.25,358.25,-5.0,-10.0,35459808.80000002,Stoploss Hit,LONG
2025-09-29 11:30:00+05:30,2025-09-29 11:35:00+05:30,344.35,339.35,-5.0,-10.0,35459798.80000002,Stoploss Hit,LONG
2025-09-29 12:00:00+05:30,2025-09-29 12:05:00+05:30,325.45,320.45,-5.0,-10.0,35459788.80000002,Stoploss Hit,LONG
2025-09-29 12:30:00+05:30,2025-09-29 12:35:00+05:30,314.65,309.65,-5.0,-10.0,35459778.80000002,Stoploss Hit,LONG
2025-09-29 12:55:00+05:30,2025-09-29 13:00:00+05:30,302.45,312.45,10.0,20.0,35459798.80000002,Target Hit,LONG
2025-09-29 13:00:00+05:30,2025-09-29 13:05:00+05:30,316.2,311.2,-5.0,-10.0,35459788.80000002,Stoploss Hit,LONG
2025-09-29 13:05:00+05:30,2025-09-29 13:10:00+05:30,313.0,323.0,10.0,20.0,35459808.80000002,Target Hit,LONG
2025-09-29 13:15:00+05:30,2025-09-29 13:20:00+05:30,317.15,327.15,10.0,20.0,35459828.80000002,Target Hit,LONG
2025-09-29 13:25:00+05:30,2025-09-29 13:30:00+05:30,328.5,763200.0,762871.5,1525743.0,36985571.80000002,End of Candle,LONG
2025-09-29 13:30:00+05:30,2025-09-29 13:35:00+05:30,333.55,763725.0,763391.45,1526782.9,38512354.70000002,End of Candle,LONG
2025-09-29 13:35:00+05:30,2025-09-29 13:40:00+05:30,335.95,330.95,-5.0,-10.0,38512344.70000002,Stoploss Hit,LONG
2025-09-29 13:40:00+05:30,2025-09-29 13:45:00+05:30,324.95,319.95,-5.0,-10.0,38512334.70000002,Stoploss Hit,LONG
2025-09-29 13:55:00+05:30,2025-09-29 14:00:00+05:30,336.35,774375.0,774038.65,1548077.3,40060412.000000015,End of Candle,LONG
2025-09-29 14:00:00+05:30,2025-09-29 14:05:00+05:30,342.95,775125.0,774782.05,1549564.1,41609976.10000002,End of Candle,LONG
2025-09-29 14:05:00+05:30,2025-09-29 14:10:00+05:30,341.0,778125.0,777784.0,1555568.0,43165544.10000002,End of Candle,LONG
2025-09-29 14:20:00+05:30,2025-09-29 14:25:00+05:30,346.55,341.55,-5.0,-10.0,43165534.10000002,Stoploss Hit,LONG
2025-09-29 14:25:00+05:30,2025-09-29 14:30:00+05:30,343.4,338.4,-5.0,-10.0,43165524.10000002,Stoploss Hit,LONG
2025-09-29 14:40:00+05:30,2025-09-29 14:45:00+05:30,327.3,322.3,-5.0,-10.0,43165514.10000002,Stoploss Hit,LONG
2025-09-29 15:00:00+05:30,2025-09-29 15:05:00+05:30,306.05,924750.0,924443.95,1848887.9,45014402.000000015,End of Candle,LONG
2025-09-29 15:15:00+05:30,2025-09-29 15:20:00+05:30,300.4,937575.0,937274.6,1874549.2,46888951.20000002,End of Candle,LONG
2025-09-30 09:15:00+05:30,2025-09-30 09:20:00+05:30,322.9,332.9,10.0,20.0,46888971.20000002,Target Hit,LONG
2025-09-30 09:20:00+05:30,2025-09-30 09:25:00+05:30,318.45,313.45,-5.0,-10.0,46888961.20000002,Stoploss Hit,LONG
2025-09-30 09:25:00+05:30,2025-09-30 09:30:00+05:30,309.6,304.6,-5.0,-10.0,46888951.20000002,Stoploss Hit,LONG
2025-09-30 09:50:00+05:30,2025-09-30 09:55:00+05:30,303.0,998475.0,998172.0,1996344.0,48885295.20000002,End of Candle,LONG
2025-09-30 09:55:00+05:30,2025-09-30 10:00:00+05:30,305.75,315.75,10.0,20.0,48885315.20000002,Target Hit,LONG
2025-09-30 10:00:00+05:30,2025-09-30 10:05:00+05:30,308.95,303.95,-5.0,-10.0,48885305.20000002,Stoploss Hit,LONG
2025-09-30 10:05:00+05:30,2025-09-30 10:10:00+05:30,296.75,291.75,-5.0,-10.0,48885295.20000002,Stoploss Hit,LONG
2025-09-30 10:20:00+05:30,2025-09-30 10:25:00+05:30,296.2,291.2,-5.0,-10.0,48885285.20000002,Stoploss Hit,LONG
2025-09-30 10:25:00+05:30,2025-09-30 10:30:00+05:30,285.8,1070475.0,1070189.2,2140378.4,51025663.60000002,End of Candle,LONG
2025-09-30 10:50:00+05:30,2025-09-30 10:55:00+05:30,288.7,298.7,10.0,20.0,51025683.60000002,Target Hit,LONG
2025-09-30 10:55:00+05:30,2025-09-30 11:00:00+05:30,293.5,303.5,10.0,20.0,51025703.60000002,Target Hit,LONG
2025-09-30 11:00:00+05:30,2025-09-30 11:05:00+05:30,301.95,1159500.0,1159198.05,2318396.1,53344099.70000002,End of Candle,LONG
2025-09-30 11:05:00+05:30,2025-09-30 11:10:00+05:30,306.6,1162875.0,1162568.4,2325136.8,55669236.500000015,End of Candle,LONG
2025-09-30 11:10:00+05:30,2025-09-30 11:15:00+05:30,307.1,302.1,-5.0,-10.0,55669226.500000015,Stoploss Hit,LONG
2025-09-30 11:15:00+05:30,2025-09-30 11:20:00+05:30,308.05,303.05,-5.0,-10.0,55669216.500000015,Stoploss Hit,LONG
2025-09-30 11:25:00+05:30,2025-09-30 11:30:00+05:30,296.95,1179975.0,1179678.05,2359356.1,58028572.60000002,End of Candle,LONG
2025-09-30 11:35:00+05:30,2025-09-30 11:40:00+05:30,300.0,295.0,-5.0,-10.0,58028562.60000002,Stoploss Hit,LONG
2025-09-30 11:40:00+05:30,2025-09-30 11:45:00+05:30,293.1,1203075.0,1202781.9,2405563.8,60434126.40000001,End of Candle,LONG
2025-09-30 12:05:00+05:30,2025-09-30 12:10:00+05:30,299.25,1298475.0,1298175.75,2596351.5,63030477.90000001,End of Candle,LONG
2025-09-30 12:10:00+05:30,2025-09-30 12:15:00+05:30,298.35,1312275.0,1311976.65,2623953.3,65654431.20000001,End of Candle,LONG
2025-09-30 12:15:00+05:30,2025-09-30 12:20:00+05:30,305.85,1319850.0,1319544.15,2639088.3,68293519.50000001,End of Candle,LONG
2025-09-30 12:20:00+05:30,2025-09-30 12:25:00+05:30,305.0,1359450.0,1359145.0,2718290.0,71011809.50000001,End of Candle,LONG
2025-09-30 12:25:00+05:30,2025-09-30 12:30:00+05:30,308.4,1376550.0,1376241.6,2752483.2,73764292.70000002,End of Candle,LONG
2025-09-30 12:35:00+05:30,2025-09-30 12:40:00+05:30,309.0,304.0,-5.0,-10.0,73764282.70000002,Stoploss Hit,LONG
2025-09-30 13:10:00+05:30,2025-09-30 13:15:00+05:30,299.45,1558575.0,1558275.55,3116551.1,76880833.80000001,End of Candle,LONG
2025-09-30 13:15:00+05:30,2025-09-30 13:20:00+05:30,300.25,295.25,-5.0,-10.0,76880823.80000001,Stoploss Hit,LONG
2025-09-30 13:40:00+05:30,2025-09-30 13:45:00+05:30,289.8,1555950.0,1555660.2,3111320.4,79992144.20000002,End of Candle,LONG
2025-09-30 13:50:00+05:30,2025-09-30 13:55:00+05:30,285.0,1576125.0,1575840.0,3151680.0,83143824.20000002,End of Candle,LONG
2025-09-30 13:55:00+05:30,2025-09-30 14:00:00+05:30,287.6,1593675.0,1593387.4,3186774.8,86330599.00000001,End of Candle,LONG
2025-09-30 14:10:00+05:30,2025-09-30 14:15:00+05:30,281.0,276.0,-5.0,-10.0,86330589.00000001,Stoploss Hit,LONG
2025-09-30 14:25:00+05:30,2025-09-30 14:30:00+05:30,283.4,278.4,-5.0,-10.0,86330579.00000001,Stoploss Hit,LONG
2025-09-30 14:35:00+05:30,2025-09-30 14:40:00+05:30,292.05,1786575.0,1786282.95,3572565.9,89903144.90000002,End of Candle,LONG
2025-09-30 14:40:00+05:30,2025-09-30 14:45:00+05:30,292.55,287.55,-5.0,-10.0,89903134.90000002,Stoploss Hit,LONG
2025-09-30 15:00:00+05:30,2025-09-30 15:05:00+05:30,280.75,275.75,-5.0,-10.0,89903124.90000002,Stoploss Hit,LONG
2025-09-30 15:25:00+05:30,2025-10-01 09:15:00+05:30,281.5,276.5,-5.0,-10.0,89903114.90000002,Stoploss Hit,LONG
2025-10-01 09:15:00+05:30,2025-10-01 09:20:00+05:30,257.7,2269275.0,2269017.3,4538034.6,94441149.50000001,End of Candle,LONG
2025-10-01 09:20:00+05:30,2025-10-01 09:25:00+05:30,264.95,2272425.0,2272160.05,4544320.1,98985469.60000001,End of Candle,LONG
2025-10-01 09:30:00+05:30,2025-10-01 09:35:00+05:30,272.95,2274975.0,2274702.05,4549404.1,103534873.7,End of Candle,LONG
2025-10-01 09:35:00+05:30,2025-10-01 09:40:00+05:30,275.75,285.75,10.0,20.0,103534893.7,Target Hit,LONG
2025-10-01 09:40:00+05:30,2025-10-01 09:45:00+05:30,286.1,281.1,-5.0,-10.0,103534883.7,Stoploss Hit,LONG
2025-10-01 09:45:00+05:30,2025-10-01 09:50:00+05:30,289.3,284.3,-5.0,-10.0,103534873.7,Stoploss Hit,LONG
2025-10-01 09:50:00+05:30,2025-10-01 09:55:00+05:30,282.0,2262525.0,2262243.0,4524486.0,108059359.7,End of Candle,LONG
2025-10-01 10:20:00+05:30,2025-10-01 10:25:00+05:30,260.8,2345175.0,2344914.2,4689828.4,112749188.10000001,End of Candle,LONG
2025-10-01 10:30:00+05:30,2025-10-01 10:35:00+05:30,282.15,277.15,-5.0,-10.0,112749178.10000001,Stoploss Hit,LONG
2025-10-01 10:35:00+05:30,2025-10-01 10:40:00+05:30,272.15,267.15,-5.0,-10.0,112749168.10000001,Stoploss Hit,LONG
2025-10-01 10:55:00+05:30,2025-10-01 11:00:00+05:30,270.0,2391525.0,2391255.0,4782510.0,117531678.10000001,End of Candle,LONG
2025-10-01 11:00:00+05:30,2025-10-01 11:05:00+05:30,273.65,2392950.0,2392676.35,4785352.7,122317030.80000001,End of Candle,LONG
2025-10-01 11:05:00+05:30,2025-10-01 11:10:00+05:30,278.4,2407950.0,2407671.6,4815343.2,127132374.00000001,End of Candle,LONG
2025-10-01 11:10:00+05:30,2025-10-01 11:15:00+05:30,286.85,296.85,10.0,20.0,127132394.00000001,Target Hit,LONG
2025-10-01 11:15:00+05:30,2025-10-01 11:20:00+05:30,298.1,2435700.0,2435401.9,4870803.8,132003197.80000001,End of Candle,LONG
2025-10-01 11:20:00+05:30,2025-10-01 11:25:00+05:30,296.2,2448750.0,2448453.8,4896907.6,136900105.4,End of Candle,LONG
2025-10-01 11:25:00+05:30,2025-10-01 11:30:00+05:30,302.7,312.7,10.0,20.0,136900125.4,Target Hit,LONG
2025-10-01 11:35:00+05:30,2025-10-01 11:40:00+05:30,315.45,325.45,10.0,20.0,136900145.4,Target Hit,LONG
2025-10-01 11:40:00+05:30,2025-10-01 11:45:00+05:30,336.1,2400975.0,2400638.9,4801277.8,141701423.20000002,End of Candle,LONG
2025-10-01 11:45:00+05:30,2025-10-01 11:50:00+05:30,340.3,335.3,-5.0,-10.0,141701413.20000002,Stoploss Hit,LONG
2025-10-01 11:50:00+05:30,2025-10-01 11:55:00+05:30,338.7,348.7,10.0,20.0,141701433.20000002,Target Hit,LONG
2025-10-01 12:00:00+05:30,2025-10-01 12:05:00+05:30,360.25,355.25,-5.0,-10.0,141701423.20000002,Stoploss Hit,LONG
2025-10-01 12:05:00+05:30,2025-10-01 12:10:00+05:30,352.8,362.8,10.0,20.0,141701443.20000002,Target Hit,LONG
2025-10-01 12:10:00+05:30,2025-10-01 12:15:00+05:30,356.3,351.3,-5.0,-10.0,141701433.20000002,Stoploss Hit,LONG
2025-10-01 12:45:00+05:30,2025-10-01 12:50:00+05:30,332.3,2371950.0,-2371617.7,-4743235.4,136958197.8,End of Candle,SHORT
2025-10-01 12:50:00+05:30,2025-10-01 12:55:00+05:30,332.85,322.85,10.0,20.0,136958217.8,Target Hit,SHORT
2025-10-01 13:00:00+05:30,2025-10-01 13:05:00+05:30,318.65,323.65,-5.0,-10.0,136958207.8,Stoploss Hit,SHORT
2025-10-01 13:05:00+05:30,2025-10-01 13:10:00+05:30,325.75,2376375.0,-2376049.25,-4752098.5,132206109.30000001,End of Candle,SHORT
2025-10-01 13:45:00+05:30,2025-10-01 13:50:00+05:30,333.8,2383575.0,2383241.2,4766482.4,136972591.70000002,End of Candle,LONG
2025-10-01 14:00:00+05:30,2025-10-01 14:05:00+05:30,341.5,351.5,10.0,20.0,136972611.70000002,Target Hit,LONG
2025-10-01 14:05:00+05:30,2025-10-01 14:10:00+05:30,353.95,348.95,-5.0,-10.0,136972601.70000002,Stoploss Hit,LONG
2025-10-01 14:10:00+05:30,2025-10-01 14:15:00+05:30,346.95,341.95,-5.0,-10.0,136972591.70000002,Stoploss Hit,LONG
2025-10-01 14:15:00+05:30,2025-10-01 14:20:00+05:30,350.85,2427600.0,2427249.15,4854498.3,141827090.00000003,End of Candle,LONG
2025-10-01 14:25:00+05:30,2025-10-01 14:30:00+05:30,359.75,354.75,-5.0,-10.0,141827080.00000003,Stoploss Hit,LONG
2025-10-01 14:30:00+05:30,2025-10-01 14:35:00+05:30,362.65,2433750.0,2433387.35,4866774.7,146693854.70000002,End of Candle,LONG
2025-10-01 14:35:00+05:30,2025-10-01 14:40:00+05:30,363.2,2427075.0,2426711.8,4853423.6,151547278.3,End of Candle,LONG
2025-10-01 14:40:00+05:30,2025-10-01 14:45:00+05:30,366.8,2418525.0,2418158.2,4836316.4,156383594.70000002,End of Candle,LONG
2025-10-01 14:45:00+05:30,2025-10-01 14:50:00+05:30,370.0,365.0,-5.0,-10.0,156383584.70000002,Stoploss Hit,LONG
2025-10-01 14:50:00+05:30,2025-10-01 14:55:00+05:30,364.2,359.2,-5.0,-10.0,156383574.70000002,Stoploss Hit,LONG
2025-10-01 14:55:00+05:30,2025-10-01 15:00:00+05:30,361.7,2411700.0,2411338.3,4822676.6,161206251.3,End of Candle,LONG
2025-10-01 15:20:00+05:30,2025-10-01 15:25:00+05:30,358.35,2405250.0,2404891.65,4809783.3,166016034.60000002,End of Candle,LONG
2025-10-03 09:45:00+05:30,2025-10-03 09:50:00+05:30,323.95,333.95,10.0,20.0,166016054.60000002,Target Hit,LONG
2025-10-03 09:55:00+05:30,2025-10-03 10:00:00+05:30,340.65,335.65,-5.0,-10.0,166016044.60000002,Stoploss Hit,LONG
2025-10-03 10:25:00+05:30,2025-10-03 10:30:00+05:30,329.0,2729175.0,2728846.0,5457692.0,171473736.60000002,End of Candle,LONG
2025-10-03 10:30:00+05:30,2025-10-03 10:35:00+05:30,333.0,328.0,-5.0,-10.0,171473726.60000002,Stoploss Hit,LONG
2025-10-03 10:35:00+05:30,2025-10-03 10:40:00+05:30,333.0,328.0,-5.0,-10.0,171473716.60000002,Stoploss Hit,LONG
2025-10-03 10:45:00+05:30,2025-10-03 10:50:00+05:30,315.25,2737725.0,2737409.75,5474819.5,176948536.10000002,End of Candle,LONG
2025-10-03 10:55:00+05:30,2025-10-03 11:00:00+05:30,319.0,2733375.0,2733056.0,5466112.0,182414648.10000002,End of Candle,LONG
2025-10-03 11:00:00+05:30,2025-10-03 11:05:00+05:30,322.15,2735175.0,2734852.85,5469705.7,187884353.8,End of Candle,LONG
2025-10-03 11:05:00+05:30,2025-10-03 11:10:00+05:30,324.6,2739375.0,2739050.4,5478100.8,193362454.60000002,End of Candle,LONG
2025-10-03 11:10:00+05:30,2025-10-03 11:15:00+05:30,331.65,341.65,10.0,20.0,193362474.60000002,Target Hit,LONG
2025-10-03 11:15:00+05:30,2025-10-03 11:20:00+05:30,337.1,332.1,-5.0,-10.0,193362464.60000002,Stoploss Hit,LONG
2025-10-03 11:20:00+05:30,2025-10-03 11:25:00+05:30,333.7,328.7,-5.0,-10.0,193362454.60000002,Stoploss Hit,LONG
2025-10-03 11:35:00+05:30,2025-10-03 11:40:00+05:30,334.0,2727525.0,2727191.0,5454382.0,198816836.60000002,End of Candle,LONG
2025-10-03 11:40:00+05:30,2025-10-03 11:45:00+05:30,334.8,329.8,-5.0,-10.0,198816826.60000002,Stoploss Hit,LONG
2025-10-03 11:45:00+05:30,2025-10-03 11:50:00+05:30,334.75,2725125.0,2724790.25,5449580.5,204266407.10000002,End of Candle,LONG
2025-10-03 11:55:00+05:30,2025-10-03 12:00:00+05:30,333.0,2727975.0,2727642.0,5455284.0,209721691.10000002,End of Candle,LONG
2025-10-03 12:05:00+05:30,2025-10-03 12:10:00+05:30,347.25,342.25,-5.0,-10.0,209721681.10000002,Stoploss Hit,LONG
2025-10-03 12:10:00+05:30,2025-10-03 12:15:00+05:30,343.75,338.75,-5.0,-10.0,209721671.10000002,Stoploss Hit,LONG
2025-10-03 12:30:00+05:30,2025-10-03 12:35:00+05:30,320.05,2736375.0,2736054.95,5472109.9,215193781.00000003,End of Candle,LONG
2025-10-03 12:45:00+05:30,2025-10-03 12:50:00+05:30,333.0,2732850.0,2732517.0,5465034.0,220658815.00000003,End of Candle,LONG
2025-10-03 12:50:00+05:30,2025-10-03 12:55:00+05:30,335.3,2731950.0,2731614.7,5463229.4,226122044.40000004,End of Candle,LONG
2025-10-03 13:10:00+05:30,2025-10-03 13:15:00+05:30,343.95,2732250.0,2731906.05,5463812.1,231585856.50000003,End of Candle,LONG
2025-10-03 13:15:00+05:30,2025-10-03 13:20:00+05:30,342.0,2732925.0,2732583.0,5465166.0,237051022.50000003,End of Candle,LONG
2025-10-03 13:40:00+05:30,2025-10-03 13:45:00+05:30,330.65,325.65,-5.0,-10.0,237051012.50000003,Stoploss Hit,LONG
2025-10-03 13:50:00+05:30,2025-10-03 13:55:00+05:30,332.15,2738700.0,2738367.85,5476735.7,242527748.20000002,End of Candle,LONG
2025-10-03 14:00:00+05:30,2025-10-03 14:05:00+05:30,335.0,330.0,-5.0,-10.0,242527738.20000002,Stoploss Hit,LONG
2025-10-03 14:10:00+05:30,2025-10-03 14:15:00+05:30,319.65,2754525.0,2754205.35,5508410.7,248036148.9,End of Candle,LONG
2025-10-03 14:30:00+05:30,2025-10-03 14:35:00+05:30,334.05,344.05,10.0,20.0,248036168.9,Target Hit,LONG
2025-10-03 14:35:00+05:30,2025-10-03 14:40:00+05:30,351.0,361.0,10.0,20.0,248036188.9,Target Hit,LONG
2025-10-03 14:40:00+05:30,2025-10-03 14:45:00+05:30,360.7,355.7,-5.0,-10.0,248036178.9,Stoploss Hit,LONG
2025-10-03 15:15:00+05:30,2025-10-03 15:20:00+05:30,363.5,368.5,-5.0,-10.0,248036168.9,Stoploss Hit,SHORT
2025-10-03 15:20:00+05:30,2025-10-03 15:25:00+05:30,369.3,2588625.0,-2588255.7,-5176511.4,242859657.5,End of Candle,SHORT
