entry_time,exit_time,action,entry_price,exit_price,pnl_points,pnl_rupees,capital,exit_reason
2025-09-01 11:50:00+05:30,2025-09-01 11:55:00+05:30,SHORT,407.675,409.4,-1.724999999999966,-126.2499999999983,99873.75,Target Gap Fill
2025-09-01 12:20:00+05:30,2025-09-01 12:25:00+05:30,LONG,418.625,428.125,9.5,435.0,100308.75,Target Hit
2025-09-01 12:25:00+05:30,2025-09-01 12:30:00+05:30,LONG,425.225,428.95,3.724999999999966,146.2499999999983,100455.0,End of Candle
2025-09-01 12:30:00+05:30,2025-09-01 12:35:00+05:30,LONG,433.425,427.925,-5.5,-315.0,100140.0,Stoploss Hit
2025-09-01 12:40:00+05:30,2025-09-01 12:45:00+05:30,LONG,435.325,427.85,-7.474999999999966,-413.7499999999983,99726.25,Stop Gap Fill
2025-09-01 13:10:00+05:30,2025-09-01 13:15:00+05:30,LONG,440.325,436.75,-3.5749999999999886,-218.74999999999943,99507.5,End of Candle
2025-09-01 13:20:00+05:30,2025-09-01 13:25:00+05:30,LONG,437.375,435.05,-2.3249999999999886,-156.24999999999943,99351.25,End of Candle
2025-09-01 13:35:00+05:30,2025-09-01 13:40:00+05:30,LONG,443.375,437.875,-5.5,-315.0,99036.25,Stoploss Hit
2025-09-01 13:55:00+05:30,2025-09-01 14:00:00+05:30,LONG,439.925,436.15,-3.775000000000034,-228.7500000000017,98807.5,End of Candle
2025-09-01 14:20:00+05:30,2025-09-01 14:25:00+05:30,LONG,443.375,438.75,-4.625,-271.25,98536.25,End of Candle
2025-09-01 14:30:00+05:30,2025-09-01 14:35:00+05:30,LONG,439.375,445.7,6.324999999999989,276.24999999999943,98812.5,End of Candle
2025-09-01 14:50:00+05:30,2025-09-01 14:55:00+05:30,LONG,444.875,453.0,8.125,366.25,99178.75,End of Candle
2025-09-01 15:00:00+05:30,2025-09-01 15:05:00+05:30,LONG,453.625,447.65,-5.975000000000023,-338.75000000000114,98840.0,Stop Gap Fill
2025-09-01 15:20:00+05:30,2025-09-01 15:25:00+05:30,LONG,453.825,453.75,-0.07499999999998863,-43.74999999999943,98796.25,End of Candle
2025-09-02 09:15:00+05:30,2025-09-02 09:20:00+05:30,LONG,466.425,460.925,-5.5,-315.0,98481.25,Stoploss Hit
2025-09-02 09:20:00+05:30,2025-09-02 09:25:00+05:30,LONG,462.425,452.75,-9.675000000000011,-523.7500000000006,97957.5,Stop Gap Fill
2025-09-02 09:40:00+05:30,2025-09-02 09:45:00+05:30,LONG,472.025,481.525,9.5,435.0,98392.5,Target Hit
2025-09-02 09:45:00+05:30,2025-09-02 09:50:00+05:30,LONG,476.375,485.875,9.5,435.0,98827.5,Target Hit
2025-09-02 09:55:00+05:30,2025-09-02 10:00:00+05:30,LONG,494.675,504.175,9.5,435.0,99262.5,Target Hit
2025-09-02 10:00:00+05:30,2025-09-02 10:05:00+05:30,LONG,495.875,505.375,9.5,435.0,99697.5,Target Hit
2025-09-02 10:05:00+05:30,2025-09-02 10:10:00+05:30,LONG,503.125,500.5,-2.625,-171.25,99526.25,End of Candle
2025-09-02 10:10:00+05:30,2025-09-02 10:15:00+05:30,LONG,506.275,500.5,-5.774999999999977,-328.74999999999886,99197.5,Stop Gap Fill
2025-09-02 10:25:00+05:30,2025-09-02 10:30:00+05:30,LONG,498.725,505.85,7.125,316.25,99513.75,End of Candle
2025-09-02 11:35:00+05:30,2025-09-02 11:40:00+05:30,LONG,504.025,503.9,-0.125,-46.25,99467.5,End of Candle
2025-09-02 11:50:00+05:30,2025-09-02 11:55:00+05:30,LONG,502.375,503.3,0.9250000000000114,6.250000000000568,99473.75,End of Candle
2025-09-02 12:30:00+05:30,2025-09-02 12:35:00+05:30,LONG,506.425,513.75,7.324999999999989,326.24999999999943,99800.0,End of Candle
2025-09-02 12:40:00+05:30,2025-09-02 12:45:00+05:30,LONG,514.375,510.7,-3.6750000000000114,-223.75000000000057,99576.25,End of Candle
2025-09-02 13:20:00+05:30,2025-09-02 13:25:00+05:30,SHORT,489.625,479.7,9.925000000000011,456.25000000000057,100032.5,Target Gap Fill
2025-09-02 14:00:00+05:30,2025-09-02 14:05:00+05:30,SHORT,434.275,417.0,17.274999999999977,823.7499999999989,100856.25,Target Gap Fill
2025-09-02 14:35:00+05:30,2025-09-02 14:40:00+05:30,SHORT,419.175,422.8,-3.625,-221.25,100635.0,Target Gap Fill
2025-09-02 15:25:00+05:30,2025-09-03 09:15:00+05:30,SHORT,415.925,418.25,-2.3249999999999886,-156.24999999999943,100478.75,Target Gap Fill
2025-09-03 09:15:00+05:30,2025-09-03 09:20:00+05:30,SHORT,417.625,393.25,24.375,1178.75,101657.5,Target Gap Fill
2025-09-03 09:20:00+05:30,2025-09-03 09:25:00+05:30,SHORT,392.625,402.85,-10.225000000000023,-551.2500000000011,101106.25,Stop Gap Fill
2025-09-03 09:40:00+05:30,2025-09-03 09:45:00+05:30,SHORT,398.675,397.25,1.4250000000000114,31.25000000000057,101137.5,Target Gap Fill
2025-09-03 10:20:00+05:30,2025-09-03 10:25:00+05:30,SHORT,408.375,411.3,-2.9250000000000114,-186.25000000000057,100951.25,Target Gap Fill
2025-09-03 10:40:00+05:30,2025-09-03 10:45:00+05:30,SHORT,394.925,397.75,-2.8249999999999886,-181.24999999999943,100770.0,Target Gap Fill
2025-09-03 11:10:00+05:30,2025-09-03 11:15:00+05:30,SHORT,404.025,400.5,3.5249999999999773,136.24999999999886,100906.25,Target Gap Fill
2025-09-03 11:20:00+05:30,2025-09-03 11:25:00+05:30,SHORT,403.925,398.85,5.074999999999989,213.74999999999943,101120.0,Target Gap Fill
2025-09-03 11:25:00+05:30,2025-09-03 11:30:00+05:30,SHORT,398.225,398.3,-0.07499999999998863,-43.74999999999943,101076.25,Target Gap Fill
2025-09-03 11:35:00+05:30,2025-09-03 11:40:00+05:30,SHORT,396.725,405.65,-8.924999999999955,-486.2499999999977,100590.0,Stop Gap Fill
2025-09-03 12:15:00+05:30,2025-09-03 12:20:00+05:30,LONG,433.375,442.875,9.5,435.0,101025.0,Target Hit
2025-09-03 12:20:00+05:30,2025-09-03 12:25:00+05:30,LONG,435.675,436.9,1.224999999999966,21.249999999998295,101046.25,End of Candle
2025-09-03 12:45:00+05:30,2025-09-03 12:50:00+05:30,LONG,435.375,424.35,-11.024999999999977,-591.2499999999989,100455.0,Stop Gap Fill
2025-09-03 13:45:00+05:30,2025-09-03 13:50:00+05:30,LONG,428.425,436.75,8.324999999999989,376.24999999999943,100831.25,End of Candle
2025-09-03 14:15:00+05:30,2025-09-03 14:20:00+05:30,LONG,444.375,446.65,2.2749999999999773,73.74999999999886,100905.0,End of Candle
2025-09-03 14:25:00+05:30,2025-09-03 14:30:00+05:30,LONG,447.275,450.95,3.6750000000000114,143.75000000000057,101048.75,End of Candle
2025-09-03 15:00:00+05:30,2025-09-03 15:05:00+05:30,LONG,449.325,458.825,9.5,435.0,101483.75,Target Hit
2025-09-03 15:05:00+05:30,2025-09-03 15:10:00+05:30,LONG,459.075,470.65,11.574999999999989,538.7499999999994,102022.5,Target Gap Fill
2025-09-03 15:15:00+05:30,2025-09-03 15:20:00+05:30,LONG,478.075,473.65,-4.425000000000011,-261.25000000000057,101761.25,End of Candle
2025-09-03 15:25:00+05:30,2025-09-04 09:15:00+05:30,LONG,474.275,549.7,75.42500000000007,3731.2500000000036,105492.5,Target Gap Fill
2025-09-04 09:20:00+05:30,2025-09-04 09:25:00+05:30,LONG,562.375,571.875,9.5,435.0,105927.5,Target Hit
2025-09-04 09:30:00+05:30,2025-09-04 09:35:00+05:30,LONG,581.575,604.7,23.125,1116.25,107043.75,Target Gap Fill
2025-09-04 09:35:00+05:30,2025-09-04 09:40:00+05:30,LONG,605.325,578.45,-26.875,-1383.75,105660.0,Stop Gap Fill
2025-09-04 12:10:00+05:30,2025-09-04 12:15:00+05:30,SHORT,527.325,519.1,8.225000000000023,371.25000000000114,106031.25,Target Gap Fill
2025-09-04 12:15:00+05:30,2025-09-04 12:20:00+05:30,SHORT,518.475,519.25,-0.7749999999999773,-78.74999999999886,105952.5,Target Gap Fill
2025-09-04 12:20:00+05:30,2025-09-04 12:25:00+05:30,SHORT,518.625,508.15,10.475000000000023,483.75000000000114,106436.25,Target Gap Fill
2025-09-04 12:25:00+05:30,2025-09-04 12:30:00+05:30,SHORT,507.525,509.35,-1.8250000000000455,-131.25000000000227,106305.0,Target Gap Fill
2025-09-04 12:30:00+05:30,2025-09-04 12:35:00+05:30,SHORT,508.725,514.5,-5.774999999999977,-328.74999999999886,105976.25,Stop Gap Fill
2025-09-04 12:50:00+05:30,2025-09-04 12:55:00+05:30,LONG,536.875,545.4,8.524999999999977,386.24999999999886,106362.5,End of Candle
2025-09-04 13:00:00+05:30,2025-09-04 13:05:00+05:30,LONG,546.025,542.75,-3.2749999999999773,-203.74999999999886,106158.75,End of Candle
2025-09-04 13:55:00+05:30,2025-09-04 14:00:00+05:30,SHORT,514.975,514.25,0.7250000000000227,-3.749999999998863,106155.0,Target Gap Fill
2025-09-04 14:15:00+05:30,2025-09-04 14:20:00+05:30,SHORT,503.625,500.15,3.4750000000000227,133.75000000000114,106288.75,Target Gap Fill
2025-09-04 14:20:00+05:30,2025-09-04 14:25:00+05:30,SHORT,499.525,481.9,17.625,841.25,107130.0,Target Gap Fill
2025-09-04 14:25:00+05:30,2025-09-04 14:30:00+05:30,SHORT,481.275,481.55,-0.2750000000000341,-53.750000000001705,107076.25,Target Gap Fill
2025-09-04 14:30:00+05:30,2025-09-04 14:35:00+05:30,SHORT,480.925,488.85,-7.925000000000011,-436.25000000000057,106640.0,Stop Gap Fill
2025-09-04 14:40:00+05:30,2025-09-04 14:45:00+05:30,SHORT,479.625,495.25,-15.625,-821.25,105818.75,Stop Gap Fill
2025-09-04 14:55:00+05:30,2025-09-04 15:00:00+05:30,SHORT,480.975,486.25,-5.274999999999977,-303.74999999999886,105515.0,Target Gap Fill
2025-09-04 15:05:00+05:30,2025-09-04 15:10:00+05:30,SHORT,473.325,467.95,5.375,228.75,105743.75,Target Gap Fill
2025-09-04 15:10:00+05:30,2025-09-04 15:15:00+05:30,SHORT,467.325,463.95,3.375,128.75,105872.5,Target Gap Fill
2025-09-04 15:15:00+05:30,2025-09-04 15:20:00+05:30,SHORT,463.325,473.25,-9.925000000000011,-536.2500000000006,105336.25,Stop Gap Fill
2025-09-05 09:15:00+05:30,2025-09-05 09:20:00+05:30,SHORT,499.675,515.7,-16.025000000000034,-841.2500000000017,104495.0,Stop Gap Fill
2025-09-05 09:25:00+05:30,2025-09-05 09:30:00+05:30,LONG,500.375,509.75,9.375,428.75,104923.75,End of Candle
2025-09-05 09:50:00+05:30,2025-09-05 09:55:00+05:30,LONG,490.575,502.75,12.175000000000011,568.7500000000006,105492.5,Target Gap Fill
2025-09-05 09:55:00+05:30,2025-09-05 10:00:00+05:30,LONG,503.375,491.5,-11.875,-633.75,104858.75,Stop Gap Fill
2025-09-05 10:05:00+05:30,2025-09-05 10:10:00+05:30,SHORT,485.625,477.55,8.074999999999989,363.74999999999943,105222.5,Target Gap Fill
2025-09-05 10:10:00+05:30,2025-09-05 10:15:00+05:30,SHORT,476.925,444.3,32.625,1591.25,106813.75,Target Gap Fill
2025-09-05 10:15:00+05:30,2025-09-05 10:20:00+05:30,SHORT,443.675,427.8,15.875,753.75,107567.5,Target Gap Fill
2025-09-05 10:20:00+05:30,2025-09-05 10:25:00+05:30,SHORT,427.175,439.3,-12.125,-646.25,106921.25,Stop Gap Fill
2025-09-05 10:25:00+05:30,2025-09-05 10:30:00+05:30,SHORT,438.675,469.25,-30.57499999999999,-1568.7499999999995,105352.5,Stop Gap Fill
2025-09-05 12:00:00+05:30,2025-09-05 12:05:00+05:30,SHORT,435.025,434.1,0.9249999999999545,6.249999999997726,105358.75,Target Gap Fill
2025-09-05 12:40:00+05:30,2025-09-05 12:45:00+05:30,SHORT,416.625,420.2,-3.5749999999999886,-218.74999999999943,105140.0,Target Gap Fill
2025-09-05 12:50:00+05:30,2025-09-05 12:55:00+05:30,SHORT,413.475,416.25,-2.7749999999999773,-178.74999999999886,104961.25,Target Gap Fill
2025-09-05 12:55:00+05:30,2025-09-05 13:00:00+05:30,SHORT,415.625,419.25,-3.625,-221.25,104740.0,Target Gap Fill
2025-09-05 13:30:00+05:30,2025-09-05 13:35:00+05:30,LONG,439.075,448.575,9.5,435.0,105175.0,Target Hit
2025-09-05 13:35:00+05:30,2025-09-05 13:40:00+05:30,LONG,444.175,452.9,8.724999999999966,396.2499999999983,105571.25,End of Candle
2025-09-05 13:40:00+05:30,2025-09-05 13:45:00+05:30,LONG,451.125,460.625,9.5,435.0,106006.25,Target Hit
2025-09-05 13:45:00+05:30,2025-09-05 13:50:00+05:30,LONG,453.525,479.6,26.075000000000045,1263.7500000000023,107270.0,Target Gap Fill
2025-09-05 13:50:00+05:30,2025-09-05 13:55:00+05:30,LONG,480.225,489.725,9.5,435.0,107705.0,Target Hit
2025-09-05 14:00:00+05:30,2025-09-05 14:05:00+05:30,LONG,495.875,490.375,-5.5,-315.0,107390.0,Stoploss Hit
2025-09-05 14:05:00+05:30,2025-09-05 14:10:00+05:30,LONG,492.375,485.55,-6.824999999999989,-381.24999999999943,107008.75,Stop Gap Fill
2025-09-05 14:55:00+05:30,2025-09-05 15:00:00+05:30,LONG,470.875,465.375,-5.5,-315.0,106693.75,Stoploss Hit
2025-09-05 15:00:00+05:30,2025-09-05 15:05:00+05:30,LONG,478.325,465.85,-12.474999999999966,-663.7499999999983,106030.0,Stop Gap Fill
2025-09-05 15:15:00+05:30,2025-09-05 15:20:00+05:30,LONG,474.225,479.75,5.524999999999977,236.24999999999886,106266.25,End of Candle
2025-09-08 09:15:00+05:30,2025-09-08 09:20:00+05:30,LONG,476.325,489.75,13.425000000000011,631.2500000000006,106897.5,Target Gap Fill
2025-09-08 09:20:00+05:30,2025-09-08 09:25:00+05:30,LONG,490.375,481.8,-8.574999999999989,-468.74999999999943,106428.75,Stop Gap Fill
2025-09-08 09:30:00+05:30,2025-09-08 09:35:00+05:30,LONG,490.575,510.75,20.17500000000001,968.7500000000006,107397.5,Target Gap Fill
2025-09-08 09:35:00+05:30,2025-09-08 09:40:00+05:30,LONG,511.375,520.875,9.5,435.0,107832.5,Target Hit
2025-09-08 09:40:00+05:30,2025-09-08 09:45:00+05:30,LONG,516.575,515.8,-0.775000000000091,-78.75000000000455,107753.75,End of Candle
2025-09-08 09:45:00+05:30,2025-09-08 09:50:00+05:30,LONG,513.875,508.375,-5.5,-315.0,107438.75,Stoploss Hit
2025-09-08 10:45:00+05:30,2025-09-08 10:50:00+05:30,LONG,503.125,497.625,-5.5,-315.0,107123.75,Stoploss Hit
2025-09-08 10:50:00+05:30,2025-09-08 10:55:00+05:30,LONG,499.325,489.75,-9.574999999999989,-518.7499999999994,106605.0,Stop Gap Fill
2025-09-08 11:30:00+05:30,2025-09-08 11:35:00+05:30,LONG,511.375,511.25,-0.125,-46.25,106558.75,End of Candle
2025-09-08 12:05:00+05:30,2025-09-08 12:10:00+05:30,LONG,518.375,516.2,-2.1749999999999545,-148.74999999999773,106410.0,End of Candle
2025-09-08 12:10:00+05:30,2025-09-08 12:15:00+05:30,LONG,516.225,519.75,3.5249999999999773,136.24999999999886,106546.25,End of Candle
2025-09-08 12:20:00+05:30,2025-09-08 12:25:00+05:30,LONG,520.375,518.8,-1.5750000000000455,-118.75000000000227,106427.5,End of Candle
2025-09-08 12:40:00+05:30,2025-09-08 12:45:00+05:30,LONG,535.375,537.35,1.9750000000000227,58.75000000000114,106486.25,End of Candle
2025-09-08 12:45:00+05:30,2025-09-08 12:50:00+05:30,LONG,533.925,534.55,0.625,-8.75,106477.5,End of Candle
2025-09-08 13:05:00+05:30,2025-09-08 13:10:00+05:30,LONG,537.375,540.0,2.625,91.25,106568.75,End of Candle
2025-09-08 13:15:00+05:30,2025-09-08 13:20:00+05:30,LONG,540.625,532.6,-8.024999999999977,-441.24999999999886,106127.5,Stop Gap Fill
2025-09-08 14:20:00+05:30,2025-09-08 14:25:00+05:30,LONG,534.875,528.05,-6.8250000000000455,-381.2500000000023,105746.25,Stop Gap Fill
2025-09-08 14:35:00+05:30,2025-09-08 14:40:00+05:30,LONG,541.375,535.875,-5.5,-315.0,105431.25,Stoploss Hit
2025-09-08 14:50:00+05:30,2025-09-08 14:55:00+05:30,SHORT,499.625,508.95,-9.324999999999989,-506.24999999999943,104925.0,Stop Gap Fill
2025-09-08 15:05:00+05:30,2025-09-08 15:10:00+05:30,SHORT,491.175,490.25,0.9250000000000114,6.250000000000568,104931.25,Target Gap Fill
2025-09-08 15:15:00+05:30,2025-09-08 15:20:00+05:30,SHORT,491.225,495.25,-4.024999999999977,-241.24999999999886,104690.0,Target Gap Fill
2025-09-09 09:25:00+05:30,2025-09-09 09:30:00+05:30,LONG,528.375,522.875,-5.5,-315.0,104375.0,Stoploss Hit
2025-09-09 09:35:00+05:30,2025-09-09 09:40:00+05:30,LONG,520.375,525.4,5.024999999999977,211.24999999999886,104586.25,End of Candle
2025-09-09 10:00:00+05:30,2025-09-09 10:05:00+05:30,LONG,523.375,522.1,-1.2749999999999773,-103.74999999999886,104482.5,End of Candle
2025-09-09 11:25:00+05:30,2025-09-09 11:30:00+05:30,LONG,525.525,520.025,-5.5,-315.0,104167.5,Stoploss Hit
2025-09-09 12:10:00+05:30,2025-09-09 12:15:00+05:30,SHORT,509.275,517.0,-7.725000000000023,-426.25000000000114,103741.25,Stop Gap Fill
2025-09-09 13:05:00+05:30,2025-09-09 13:10:00+05:30,LONG,527.375,526.2,-1.1749999999999545,-98.74999999999773,103642.5,End of Candle
2025-09-09 13:20:00+05:30,2025-09-09 13:25:00+05:30,LONG,527.175,526.45,-0.724999999999909,-76.24999999999545,103566.25,End of Candle
2025-09-09 14:20:00+05:30,2025-09-09 14:25:00+05:30,LONG,529.375,522.7,-6.6749999999999545,-373.7499999999977,103192.5,Stop Gap Fill
2025-09-09 14:50:00+05:30,2025-09-09 14:55:00+05:30,SHORT,521.325,526.85,-5.524999999999977,-316.24999999999886,102876.25,Stop Gap Fill
2025-09-09 15:10:00+05:30,2025-09-09 15:15:00+05:30,SHORT,513.975,522.55,-8.574999999999932,-468.7499999999966,102407.5,Stop Gap Fill
2025-09-10 09:20:00+05:30,2025-09-10 09:25:00+05:30,LONG,578.375,587.875,9.5,435.0,102842.5,Target Hit
2025-09-10 09:25:00+05:30,2025-09-10 09:30:00+05:30,LONG,576.575,589.35,12.774999999999977,598.7499999999989,103441.25,Target Gap Fill
2025-09-10 09:30:00+05:30,2025-09-10 09:35:00+05:30,LONG,589.975,599.475,9.5,435.0,103876.25,Target Hit
2025-09-10 09:40:00+05:30,2025-09-10 09:45:00+05:30,LONG,601.675,611.175,9.5,435.0,104311.25,Target Hit
2025-09-10 09:50:00+05:30,2025-09-10 09:55:00+05:30,LONG,612.325,603.6,-8.725000000000023,-476.25000000000114,103835.0,Stop Gap Fill
2025-09-10 10:00:00+05:30,2025-09-10 10:05:00+05:30,LONG,608.875,607.75,-1.125,-96.25,103738.75,End of Candle
2025-09-10 10:30:00+05:30,2025-09-10 10:35:00+05:30,LONG,633.125,623.85,-9.274999999999977,-503.74999999999886,103235.0,Stop Gap Fill
2025-09-10 10:35:00+05:30,2025-09-10 10:40:00+05:30,LONG,624.475,618.975,-5.5,-315.0,102920.0,Stoploss Hit
2025-09-10 12:05:00+05:30,2025-09-10 12:10:00+05:30,SHORT,594.925,607.2,-12.275000000000091,-653.7500000000045,102266.25,Stop Gap Fill
2025-09-10 13:05:00+05:30,2025-09-10 13:10:00+05:30,SHORT,593.975,597.15,-3.1749999999999545,-198.74999999999773,102067.5,Target Gap Fill
2025-09-10 13:15:00+05:30,2025-09-10 13:20:00+05:30,SHORT,589.425,583.65,5.774999999999977,248.74999999999886,102316.25,Target Gap Fill
2025-09-10 13:20:00+05:30,2025-09-10 13:25:00+05:30,SHORT,583.025,585.25,-2.2250000000000227,-151.25000000000114,102165.0,Target Gap Fill
2025-09-10 13:35:00+05:30,2025-09-10 13:40:00+05:30,SHORT,587.125,585.25,1.875,53.75,102218.75,Target Gap Fill
2025-09-10 14:10:00+05:30,2025-09-10 14:15:00+05:30,SHORT,599.625,595.25,4.375,178.75,102397.5,Target Gap Fill
2025-09-10 14:45:00+05:30,2025-09-10 14:50:00+05:30,SHORT,576.925,588.95,-12.025000000000091,-641.2500000000045,101756.25,Stop Gap Fill
2025-09-10 15:20:00+05:30,2025-09-10 15:25:00+05:30,LONG,601.425,604.75,3.3250000000000455,126.25000000000227,101882.5,End of Candle
2025-09-11 09:15:00+05:30,2025-09-11 09:20:00+05:30,LONG,588.375,610.9,22.524999999999977,1086.2499999999989,102968.75,Target Gap Fill
2025-09-11 09:20:00+05:30,2025-09-11 09:25:00+05:30,LONG,611.525,606.025,-5.5,-315.0,102653.75,Stoploss Hit
2025-09-11 10:50:00+05:30,2025-09-11 10:55:00+05:30,LONG,606.325,599.75,-6.5750000000000455,-368.7500000000023,102285.0,Stop Gap Fill
2025-09-11 11:25:00+05:30,2025-09-11 11:30:00+05:30,LONG,608.225,602.725,-5.5,-315.0,101970.0,Stoploss Hit
2025-09-11 11:55:00+05:30,2025-09-11 12:00:00+05:30,SHORT,589.575,586.3,3.275000000000091,123.75000000000455,102093.75,Target Gap Fill
2025-09-11 12:00:00+05:30,2025-09-11 12:05:00+05:30,SHORT,585.675,595.0,-9.325000000000045,-506.2500000000023,101587.5,Stop Gap Fill
2025-09-11 12:20:00+05:30,2025-09-11 12:25:00+05:30,LONG,608.375,617.65,9.274999999999977,423.74999999999886,102011.25,End of Candle
2025-09-11 12:25:00+05:30,2025-09-11 12:30:00+05:30,LONG,606.325,617.65,11.324999999999932,526.2499999999966,102537.5,Target Gap Fill
2025-09-11 12:55:00+05:30,2025-09-11 13:00:00+05:30,LONG,614.025,616.75,2.7250000000000227,96.25000000000114,102633.75,End of Candle
2025-09-11 13:45:00+05:30,2025-09-11 13:50:00+05:30,LONG,616.425,613.65,-2.7749999999999773,-178.74999999999886,102455.0,End of Candle
2025-09-11 13:50:00+05:30,2025-09-11 13:55:00+05:30,LONG,619.675,613.65,-6.024999999999977,-341.24999999999886,102113.75,Stop Gap Fill
2025-09-11 14:20:00+05:30,2025-09-11 14:25:00+05:30,LONG,615.275,619.15,3.875,153.75,102267.5,End of Candle
2025-09-12 09:20:00+05:30,2025-09-12 09:25:00+05:30,LONG,634.375,639.75,5.375,228.75,102496.25,End of Candle
2025-09-12 09:30:00+05:30,2025-09-12 09:35:00+05:30,LONG,640.375,633.2,-7.1749999999999545,-398.7499999999977,102097.5,Stop Gap Fill
2025-09-12 09:55:00+05:30,2025-09-12 10:00:00+05:30,LONG,640.375,645.9,5.524999999999977,236.24999999999886,102333.75,End of Candle
2025-09-12 10:45:00+05:30,2025-09-12 10:50:00+05:30,LONG,662.375,661.8,-0.5750000000000455,-68.75000000000227,102265.0,End of Candle
2025-09-12 11:10:00+05:30,2025-09-12 11:15:00+05:30,LONG,669.375,663.875,-5.5,-315.0,101950.0,Stoploss Hit
2025-09-12 11:20:00+05:30,2025-09-12 11:25:00+05:30,LONG,677.375,684.5,7.125,316.25,102266.25,End of Candle
2025-09-12 11:25:00+05:30,2025-09-12 11:30:00+05:30,LONG,675.925,685.425,9.5,435.0,102701.25,Target Hit
2025-09-12 11:30:00+05:30,2025-09-12 11:35:00+05:30,LONG,684.375,683.0,-1.375,-108.75,102592.5,End of Candle
2025-09-12 11:35:00+05:30,2025-09-12 11:40:00+05:30,LONG,682.125,679.25,-2.875,-183.75,102408.75,End of Candle
2025-09-12 13:20:00+05:30,2025-09-12 13:25:00+05:30,LONG,685.375,684.4,-0.9750000000000227,-88.75000000000114,102320.0,End of Candle
2025-09-12 13:40:00+05:30,2025-09-12 13:45:00+05:30,LONG,686.225,680.45,-5.774999999999977,-328.74999999999886,101991.25,Stop Gap Fill
2025-09-12 14:30:00+05:30,2025-09-12 14:35:00+05:30,LONG,682.475,676.4,-6.0750000000000455,-343.7500000000023,101647.5,Stop Gap Fill
2025-09-12 14:35:00+05:30,2025-09-12 14:40:00+05:30,SHORT,676.275,677.35,-1.0750000000000455,-93.75000000000227,101553.75,Target Gap Fill
2025-09-12 14:40:00+05:30,2025-09-12 14:45:00+05:30,SHORT,676.725,677.35,-0.625,-71.25,101482.5,Target Gap Fill
2025-09-12 15:00:00+05:30,2025-09-12 15:05:00+05:30,SHORT,667.575,668.2,-0.625,-71.25,101411.25,Target Gap Fill
2025-09-15 09:40:00+05:30,2025-09-15 09:45:00+05:30,SHORT,651.175,649.1,2.074999999999932,63.74999999999659,101475.0,Target Gap Fill
2025-09-15 10:15:00+05:30,2025-09-15 10:20:00+05:30,SHORT,646.575,650.25,-3.6749999999999545,-223.74999999999773,101251.25,Target Gap Fill
2025-09-15 10:45:00+05:30,2025-09-15 10:50:00+05:30,SHORT,645.325,643.35,1.9750000000000227,58.75000000000114,101310.0,Target Gap Fill
2025-09-15 10:50:00+05:30,2025-09-15 10:55:00+05:30,SHORT,642.725,643.15,-0.4249999999999545,-61.249999999997726,101248.75,Target Gap Fill
2025-09-15 11:05:00+05:30,2025-09-15 11:10:00+05:30,SHORT,646.375,643.35,3.0249999999999773,111.24999999999886,101360.0,Target Gap Fill
2025-09-15 11:20:00+05:30,2025-09-15 11:25:00+05:30,SHORT,639.625,640.25,-0.625,-71.25,101288.75,Target Gap Fill
2025-09-15 11:45:00+05:30,2025-09-15 11:50:00+05:30,SHORT,647.075,653.7,-6.625,-371.25,100917.5,Stop Gap Fill
2025-09-15 11:55:00+05:30,2025-09-15 12:00:00+05:30,LONG,656.325,665.825,9.5,435.0,101352.5,Target Hit
2025-09-15 12:00:00+05:30,2025-09-15 12:05:00+05:30,LONG,658.375,657.4,-0.9750000000000227,-88.75000000000114,101263.75,End of Candle
2025-09-15 12:30:00+05:30,2025-09-15 12:35:00+05:30,LONG,663.175,660.65,-2.5249999999999773,-166.24999999999886,101097.5,End of Candle
2025-09-15 12:55:00+05:30,2025-09-15 13:00:00+05:30,LONG,655.375,655.75,0.375,-21.25,101076.25,End of Candle
2025-09-15 13:25:00+05:30,2025-09-15 13:30:00+05:30,LONG,664.075,663.45,-0.625,-71.25,101005.0,End of Candle
2025-09-15 13:45:00+05:30,2025-09-15 13:50:00+05:30,SHORT,639.175,649.25,-10.075000000000045,-543.7500000000023,100461.25,Stop Gap Fill
2025-09-15 14:10:00+05:30,2025-09-15 14:15:00+05:30,SHORT,642.625,640.8,1.8250000000000455,51.250000000002274,100512.5,Target Gap Fill
2025-09-15 14:20:00+05:30,2025-09-15 14:25:00+05:30,SHORT,642.475,642.3,0.1750000000000682,-31.24999999999659,100481.25,Target Gap Fill
2025-09-15 14:45:00+05:30,2025-09-15 14:50:00+05:30,SHORT,652.625,648.3,4.3250000000000455,176.25000000000227,100657.5,Target Gap Fill
2025-09-15 15:00:00+05:30,2025-09-15 15:05:00+05:30,SHORT,647.525,646.4,1.125,16.25,100673.75,Target Gap Fill
2025-09-15 15:15:00+05:30,2025-09-15 15:20:00+05:30,SHORT,644.175,644.8,-0.625,-71.25,100602.5,Target Gap Fill
2025-09-16 09:20:00+05:30,2025-09-16 09:25:00+05:30,SHORT,647.625,658.45,-10.825000000000045,-581.2500000000023,100021.25,Stop Gap Fill
2025-09-16 09:25:00+05:30,2025-09-16 09:30:00+05:30,LONG,658.575,668.075,9.5,435.0,100456.25,Target Hit
2025-09-16 09:30:00+05:30,2025-09-16 09:35:00+05:30,LONG,659.125,669.75,10.625,491.25,100947.5,Target Gap Fill
2025-09-16 09:40:00+05:30,2025-09-16 09:45:00+05:30,LONG,680.375,674.875,-5.5,-315.0,100632.5,Stoploss Hit
2025-09-16 09:45:00+05:30,2025-09-16 09:50:00+05:30,LONG,677.375,686.875,9.5,435.0,101067.5,Target Hit
2025-09-16 09:55:00+05:30,2025-09-16 10:00:00+05:30,LONG,692.475,701.975,9.5,435.0,101502.5,Target Hit
2025-09-16 10:30:00+05:30,2025-09-16 10:35:00+05:30,LONG,716.525,715.75,-0.7749999999999773,-78.74999999999886,101423.75,End of Candle
2025-09-16 11:35:00+05:30,2025-09-16 11:40:00+05:30,LONG,717.825,719.35,1.5249999999999773,36.24999999999886,101460.0,End of Candle
2025-09-16 12:25:00+05:30,2025-09-16 12:30:00+05:30,LONG,738.075,739.85,1.7749999999999773,48.74999999999886,101508.75,End of Candle
2025-09-16 12:30:00+05:30,2025-09-16 12:35:00+05:30,LONG,738.375,734.4,-3.9750000000000227,-238.75000000000114,101270.0,End of Candle
2025-09-16 12:35:00+05:30,2025-09-16 12:40:00+05:30,LONG,740.475,734.4,-6.0750000000000455,-343.7500000000023,100926.25,Stop Gap Fill
2025-09-16 14:40:00+05:30,2025-09-16 14:45:00+05:30,LONG,754.375,748.875,-5.5,-315.0,100611.25,Stoploss Hit
2025-09-16 14:55:00+05:30,2025-09-16 15:00:00+05:30,LONG,755.375,757.0,1.625,41.25,100652.5,End of Candle
2025-09-16 15:00:00+05:30,2025-09-16 15:05:00+05:30,LONG,753.375,762.875,9.5,435.0,101087.5,Target Hit
2025-09-16 15:10:00+05:30,2025-09-16 15:15:00+05:30,LONG,767.375,767.8,0.4249999999999545,-18.750000000002274,101068.75,End of Candle
2025-09-16 15:15:00+05:30,2025-09-16 15:20:00+05:30,LONG,770.375,774.0,3.625,141.25,101210.0,End of Candle
2025-09-16 15:25:00+05:30,2025-09-17 09:15:00+05:30,LONG,774.625,814.25,39.625,1941.25,103151.25,Target Gap Fill
2025-09-17 09:15:00+05:30,2025-09-17 09:20:00+05:30,LONG,814.875,808.8,-6.0750000000000455,-343.7500000000023,102807.5,Stop Gap Fill
2025-09-17 09:20:00+05:30,2025-09-17 09:25:00+05:30,LONG,809.425,821.4,11.975000000000023,558.7500000000011,103366.25,Target Gap Fill
2025-09-17 09:40:00+05:30,2025-09-17 09:45:00+05:30,LONG,837.375,831.875,-5.5,-315.0,103051.25,Stoploss Hit
2025-09-17 11:00:00+05:30,2025-09-17 11:05:00+05:30,LONG,845.375,841.3,-4.0750000000000455,-243.75000000000227,102807.5,End of Candle
2025-09-17 11:45:00+05:30,2025-09-17 11:50:00+05:30,LONG,839.325,838.7,-0.625,-71.25,102736.25,End of Candle
2025-09-17 12:00:00+05:30,2025-09-17 12:05:00+05:30,LONG,844.375,839.75,-4.625,-271.25,102465.0,End of Candle
2025-09-17 12:45:00+05:30,2025-09-17 12:50:00+05:30,LONG,846.375,844.75,-1.625,-121.25,102343.75,End of Candle
2025-09-17 14:05:00+05:30,2025-09-17 14:10:00+05:30,SHORT,830.125,824.8,5.3250000000000455,226.25000000000227,102570.0,Target Gap Fill
2025-09-17 14:30:00+05:30,2025-09-17 14:35:00+05:30,SHORT,821.625,820.5,1.125,16.25,102586.25,Target Gap Fill
2025-09-18 09:25:00+05:30,2025-09-18 09:30:00+05:30,LONG,901.325,903.25,1.9249999999999545,56.249999999997726,102642.5,End of Candle
2025-09-18 10:50:00+05:30,2025-09-18 10:55:00+05:30,LONG,911.875,912.25,0.375,-21.25,102621.25,End of Candle
2025-09-18 12:40:00+05:30,2025-09-18 12:45:00+05:30,SHORT,881.025,872.25,8.774999999999977,398.74999999999886,103020.0,Target Gap Fill
2025-09-18 12:45:00+05:30,2025-09-18 12:50:00+05:30,SHORT,871.625,869.2,2.4249999999999545,81.24999999999773,103101.25,Target Gap Fill
2025-09-18 13:05:00+05:30,2025-09-18 13:10:00+05:30,SHORT,849.625,862.25,-12.625,-671.25,102430.0,Stop Gap Fill
2025-09-18 13:10:00+05:30,2025-09-18 13:15:00+05:30,SHORT,861.625,855.25,6.375,278.75,102708.75,Target Gap Fill
2025-09-18 14:25:00+05:30,2025-09-18 14:30:00+05:30,SHORT,855.075,859.25,-4.1749999999999545,-248.74999999999773,102460.0,Target Gap Fill
2025-09-18 15:05:00+05:30,2025-09-18 15:10:00+05:30,LONG,898.375,912.75,14.375,678.75,103138.75,Target Gap Fill
2025-09-18 15:10:00+05:30,2025-09-18 15:15:00+05:30,LONG,913.375,906.75,-6.625,-371.25,102767.5,Stop Gap Fill
2025-09-19 09:35:00+05:30,2025-09-19 09:40:00+05:30,SHORT,808.125,798.25,9.875,453.75,103221.25,Target Gap Fill
2025-09-19 10:20:00+05:30,2025-09-19 10:25:00+05:30,SHORT,796.125,808.25,-12.125,-646.25,102575.0,Stop Gap Fill
2025-09-19 11:25:00+05:30,2025-09-19 11:30:00+05:30,SHORT,797.125,801.25,-4.125,-246.25,102328.75,Target Gap Fill
2025-09-19 11:40:00+05:30,2025-09-19 11:45:00+05:30,SHORT,795.125,795.75,-0.625,-71.25,102257.5,Target Gap Fill
2025-09-19 12:45:00+05:30,2025-09-19 12:50:00+05:30,SHORT,790.125,791.25,-1.125,-96.25,102161.25,Target Gap Fill
2025-09-19 13:55:00+05:30,2025-09-19 14:00:00+05:30,LONG,827.375,830.75,3.375,128.75,102290.0,End of Candle
2025-09-19 14:55:00+05:30,2025-09-19 15:00:00+05:30,LONG,836.375,830.875,-5.5,-315.0,101975.0,Stoploss Hit
2025-09-19 15:20:00+05:30,2025-09-19 15:25:00+05:30,LONG,826.875,822.55,-4.3250000000000455,-256.2500000000023,101718.75,End of Candle
2025-09-22 09:15:00+05:30,2025-09-22 09:20:00+05:30,LONG,755.425,747.7,-7.724999999999909,-426.24999999999545,101292.5,Stop Gap Fill
2025-09-22 09:20:00+05:30,2025-09-22 09:25:00+05:30,SHORT,747.575,754.65,-7.074999999999932,-393.7499999999966,100898.75,Stop Gap Fill
2025-09-22 09:55:00+05:30,2025-09-22 10:00:00+05:30,SHORT,779.625,780.25,-0.625,-71.25,100827.5,Target Gap Fill
2025-09-22 11:10:00+05:30,2025-09-22 11:15:00+05:30,SHORT,787.575,787.25,0.3250000000000455,-23.749999999997726,100803.75,Target Gap Fill
2025-09-22 11:35:00+05:30,2025-09-22 11:40:00+05:30,SHORT,766.625,761.25,5.375,228.75,101032.5,Target Gap Fill
2025-09-22 11:40:00+05:30,2025-09-22 11:45:00+05:30,SHORT,760.625,784.15,-23.524999999999977,-1216.2499999999989,99816.25,Stop Gap Fill
2025-09-22 12:00:00+05:30,2025-09-22 12:05:00+05:30,SHORT,787.275,785.3,1.9750000000000227,58.75000000000114,99875.0,Target Gap Fill
2025-09-22 12:15:00+05:30,2025-09-22 12:20:00+05:30,SHORT,776.125,780.25,-4.125,-246.25,99628.75,Target Gap Fill
2025-09-22 13:25:00+05:30,2025-09-22 13:30:00+05:30,SHORT,779.625,776.25,3.375,128.75,99757.5,Target Gap Fill
2025-09-22 13:30:00+05:30,2025-09-22 13:35:00+05:30,SHORT,775.625,778.25,-2.625,-171.25,99586.25,Target Gap Fill
2025-09-22 14:35:00+05:30,2025-09-22 14:40:00+05:30,SHORT,743.625,731.0,12.625,591.25,100177.5,Target Gap Fill
2025-09-22 14:40:00+05:30,2025-09-22 14:45:00+05:30,SHORT,730.375,706.8,23.575000000000045,1138.7500000000023,101316.25,Target Gap Fill
2025-09-22 14:45:00+05:30,2025-09-22 14:50:00+05:30,SHORT,706.175,711.3,-5.125,-296.25,101020.0,Target Gap Fill
2025-09-22 14:50:00+05:30,2025-09-22 14:55:00+05:30,SHORT,710.675,722.8,-12.125,-646.25,100373.75,Stop Gap Fill
2025-09-23 09:20:00+05:30,2025-09-23 09:25:00+05:30,SHORT,717.675,715.15,2.5249999999999773,86.24999999999886,100460.0,Target Gap Fill
2025-09-23 09:35:00+05:30,2025-09-23 09:40:00+05:30,SHORT,673.475,666.85,6.625,291.25,100751.25,Target Gap Fill
2025-09-23 09:50:00+05:30,2025-09-23 09:55:00+05:30,SHORT,642.625,649.25,-6.625,-371.25,100380.0,Stop Gap Fill
2025-09-23 09:55:00+05:30,2025-09-23 10:00:00+05:30,SHORT,648.625,657.75,-9.125,-496.25,99883.75,Stop Gap Fill
2025-09-23 11:15:00+05:30,2025-09-23 11:20:00+05:30,SHORT,640.025,630.25,9.774999999999977,448.74999999999886,100332.5,Target Gap Fill
2025-09-23 12:20:00+05:30,2025-09-23 12:25:00+05:30,LONG,664.875,662.75,-2.125,-146.25,100186.25,End of Candle
2025-09-23 12:35:00+05:30,2025-09-23 12:40:00+05:30,LONG,695.375,717.75,22.375,1078.75,101265.0,Target Gap Fill
2025-09-23 12:40:00+05:30,2025-09-23 12:45:00+05:30,LONG,718.375,693.25,-25.125,-1296.25,99968.75,Stop Gap Fill
2025-09-23 13:00:00+05:30,2025-09-23 13:05:00+05:30,LONG,693.325,711.7,18.375,878.75,100847.5,Target Gap Fill
2025-09-23 13:05:00+05:30,2025-09-23 13:10:00+05:30,LONG,712.325,699.65,-12.675000000000068,-673.7500000000034,100173.75,Stop Gap Fill
2025-09-23 13:10:00+05:30,2025-09-23 13:15:00+05:30,LONG,700.275,706.75,6.475000000000023,283.75000000000114,100457.5,End of Candle
2025-09-23 13:30:00+05:30,2025-09-23 13:35:00+05:30,LONG,713.375,744.75,31.375,1528.75,101986.25,Target Gap Fill
2025-09-23 14:50:00+05:30,2025-09-23 14:55:00+05:30,LONG,725.475,719.25,-6.225000000000023,-351.25000000000114,101635.0,Stop Gap Fill
2025-09-23 15:00:00+05:30,2025-09-23 15:05:00+05:30,SHORT,710.125,703.75,6.375,278.75,101913.75,Target Gap Fill
2025-09-23 15:05:00+05:30,2025-09-23 15:10:00+05:30,SHORT,703.125,701.7,1.4249999999999545,31.249999999997726,101945.0,Target Gap Fill
2025-09-23 15:15:00+05:30,2025-09-23 15:20:00+05:30,SHORT,700.175,703.25,-3.0750000000000455,-193.75000000000227,101751.25,Target Gap Fill
2025-09-23 15:25:00+05:30,2025-09-24 09:15:00+05:30,SHORT,697.125,640.25,56.875,2803.75,104555.0,Target Gap Fill
2025-09-24 09:20:00+05:30,2025-09-24 09:25:00+05:30,SHORT,611.175,610.25,0.9249999999999545,6.249999999997726,104561.25,Target Gap Fill
2025-09-24 09:25:00+05:30,2025-09-24 09:30:00+05:30,SHORT,609.625,598.25,11.375,528.75,105090.0,Target Gap Fill
2025-09-24 09:30:00+05:30,2025-09-24 09:35:00+05:30,SHORT,597.625,599.25,-1.625,-121.25,104968.75,Target Gap Fill
2025-09-24 09:35:00+05:30,2025-09-24 09:40:00+05:30,SHORT,598.625,604.05,-5.4249999999999545,-311.2499999999977,104657.5,Target Gap Fill
2025-09-24 09:45:00+05:30,2025-09-24 09:50:00+05:30,SHORT,586.725,604.85,-18.125,-946.25,103711.25,Stop Gap Fill
2025-09-24 09:50:00+05:30,2025-09-24 09:55:00+05:30,SHORT,604.225,608.1,-3.875,-233.75,103477.5,Target Gap Fill
2025-09-24 11:05:00+05:30,2025-09-24 11:10:00+05:30,SHORT,578.925,569.75,9.174999999999955,418.7499999999977,103896.25,Target Gap Fill
2025-09-24 11:10:00+05:30,2025-09-24 11:15:00+05:30,SHORT,569.125,583.25,-14.125,-746.25,103150.0,Stop Gap Fill
2025-09-24 11:45:00+05:30,2025-09-24 11:50:00+05:30,SHORT,585.625,596.3,-10.674999999999955,-573.7499999999977,102576.25,Stop Gap Fill
2025-09-24 12:20:00+05:30,2025-09-24 12:25:00+05:30,LONG,611.375,613.75,2.375,78.75,102655.0,End of Candle
2025-09-24 12:25:00+05:30,2025-09-24 12:30:00+05:30,LONG,612.375,611.75,-0.625,-71.25,102583.75,End of Candle
2025-09-24 13:05:00+05:30,2025-09-24 13:10:00+05:30,LONG,629.975,636.9,6.9249999999999545,306.2499999999977,102890.0,End of Candle
2025-09-24 13:20:00+05:30,2025-09-24 13:25:00+05:30,LONG,644.375,636.1,-8.274999999999977,-453.74999999999886,102436.25,Stop Gap Fill
2025-09-24 13:40:00+05:30,2025-09-24 13:45:00+05:30,LONG,637.825,632.325,-5.5,-315.0,102121.25,Stoploss Hit
2025-09-24 14:35:00+05:30,2025-09-24 14:40:00+05:30,SHORT,595.625,604.8,-9.174999999999955,-498.7499999999977,101622.5,Stop Gap Fill
2025-09-24 14:45:00+05:30,2025-09-24 14:50:00+05:30,SHORT,595.725,592.3,3.425000000000068,131.2500000000034,101753.75,Target Gap Fill
2025-09-24 15:00:00+05:30,2025-09-24 15:05:00+05:30,SHORT,571.675,585.55,-13.875,-733.75,101020.0,Stop Gap Fill
2025-09-24 15:05:00+05:30,2025-09-24 15:10:00+05:30,SHORT,584.925,581.1,3.824999999999932,151.2499999999966,101171.25,Target Gap Fill
2025-09-25 09:15:00+05:30,2025-09-25 09:20:00+05:30,SHORT,545.275,554.05,-8.774999999999977,-478.74999999999886,100692.5,Stop Gap Fill
2025-09-25 09:20:00+05:30,2025-09-25 09:25:00+05:30,SHORT,553.425,585.6,-32.17500000000007,-1648.7500000000034,99043.75,Stop Gap Fill
2025-09-25 09:35:00+05:30,2025-09-25 09:40:00+05:30,SHORT,566.525,579.25,-12.725000000000023,-676.2500000000011,98367.5,Stop Gap Fill
2025-09-25 09:40:00+05:30,2025-09-25 09:45:00+05:30,SHORT,578.625,558.65,19.975000000000023,958.7500000000011,99326.25,Target Gap Fill
2025-09-25 09:45:00+05:30,2025-09-25 09:50:00+05:30,SHORT,558.025,549.75,8.274999999999977,373.74999999999886,99700.0,Target Gap Fill
2025-09-25 10:05:00+05:30,2025-09-25 10:10:00+05:30,SHORT,549.625,550.8,-1.1749999999999545,-98.74999999999773,99601.25,Target Gap Fill
2025-09-25 10:15:00+05:30,2025-09-25 10:20:00+05:30,SHORT,540.875,546.65,-5.774999999999977,-328.74999999999886,99272.5,Stop Gap Fill
2025-09-25 10:40:00+05:30,2025-09-25 10:45:00+05:30,SHORT,527.675,530.25,-2.5750000000000455,-168.75000000000227,99103.75,Target Gap Fill
2025-09-25 11:45:00+05:30,2025-09-25 11:50:00+05:30,SHORT,518.625,522.5,-3.875,-233.75,98870.0,Target Gap Fill
2025-09-25 11:55:00+05:30,2025-09-25 12:00:00+05:30,SHORT,518.625,521.25,-2.625,-171.25,98698.75,Target Gap Fill
2025-09-25 12:05:00+05:30,2025-09-25 12:10:00+05:30,SHORT,517.625,507.55,10.074999999999989,463.74999999999943,99162.5,Target Gap Fill
2025-09-25 12:10:00+05:30,2025-09-25 12:15:00+05:30,SHORT,506.925,515.35,-8.425000000000011,-461.25000000000057,98701.25,Stop Gap Fill
2025-09-25 12:45:00+05:30,2025-09-25 12:50:00+05:30,SHORT,503.175,509.2,-6.024999999999977,-341.24999999999886,98360.0,Stop Gap Fill
2025-09-25 13:10:00+05:30,2025-09-25 13:15:00+05:30,LONG,531.075,524.85,-6.225000000000023,-351.25000000000114,98008.75,Stop Gap Fill
2025-09-25 13:25:00+05:30,2025-09-25 13:30:00+05:30,SHORT,512.625,514.2,-1.5750000000000455,-118.75000000000227,97890.0,Target Gap Fill
2025-09-25 14:05:00+05:30,2025-09-25 14:10:00+05:30,SHORT,515.625,512.25,3.375,128.75,98018.75,Target Gap Fill
2025-09-25 14:15:00+05:30,2025-09-25 14:20:00+05:30,SHORT,509.525,512.75,-3.2250000000000227,-201.25000000000114,97817.5,Target Gap Fill
2025-09-25 14:30:00+05:30,2025-09-25 14:35:00+05:30,SHORT,506.675,504.15,2.525000000000034,86.2500000000017,97903.75,Target Gap Fill
2025-09-25 14:35:00+05:30,2025-09-25 14:40:00+05:30,SHORT,503.525,507.15,-3.625,-221.25,97682.5,Target Gap Fill
2025-09-25 14:40:00+05:30,2025-09-25 14:45:00+05:30,SHORT,506.525,500.95,5.574999999999989,238.74999999999943,97921.25,Target Gap Fill
2025-09-25 14:50:00+05:30,2025-09-25 14:55:00+05:30,SHORT,501.925,499.5,2.4250000000000114,81.25000000000057,98002.5,Target Gap Fill
2025-09-25 14:55:00+05:30,2025-09-25 15:00:00+05:30,SHORT,498.875,493.5,5.375,228.75,98231.25,Target Gap Fill
2025-09-25 15:00:00+05:30,2025-09-25 15:05:00+05:30,SHORT,492.875,479.75,13.125,616.25,98847.5,Target Gap Fill
2025-09-25 15:05:00+05:30,2025-09-25 15:10:00+05:30,SHORT,479.125,474.25,4.875,203.75,99051.25,Target Gap Fill
2025-09-25 15:10:00+05:30,2025-09-25 15:15:00+05:30,SHORT,473.625,475.55,-1.9250000000000114,-136.25000000000057,98915.0,Target Gap Fill
2025-09-25 15:15:00+05:30,2025-09-25 15:20:00+05:30,SHORT,474.925,484.55,-9.625,-521.25,98393.75,Stop Gap Fill
2025-09-25 15:25:00+05:30,2025-09-26 09:15:00+05:30,SHORT,482.475,453.9,28.575000000000045,1388.7500000000023,99782.5,Target Gap Fill
2025-09-26 09:15:00+05:30,2025-09-26 09:20:00+05:30,SHORT,453.275,418.55,34.724999999999966,1696.2499999999982,101478.75,Target Gap Fill
2025-09-26 09:20:00+05:30,2025-09-26 09:25:00+05:30,SHORT,417.925,414.55,3.375,128.75,101607.5,Target Gap Fill
2025-09-26 09:25:00+05:30,2025-09-26 09:30:00+05:30,SHORT,413.925,401.25,12.675000000000011,593.7500000000006,102201.25,Target Gap Fill
2025-09-26 09:35:00+05:30,2025-09-26 09:40:00+05:30,SHORT,395.875,395.45,0.42500000000001137,-18.74999999999943,102182.5,Target Gap Fill
2025-09-26 09:40:00+05:30,2025-09-26 09:45:00+05:30,SHORT,394.825,398.0,-3.1750000000000114,-198.75000000000057,101983.75,Target Gap Fill
2025-09-26 10:10:00+05:30,2025-09-26 10:15:00+05:30,SHORT,396.125,395.15,0.9750000000000227,8.750000000001137,101992.5,Target Gap Fill
2025-09-26 10:35:00+05:30,2025-09-26 10:40:00+05:30,SHORT,396.875,399.1,-2.2250000000000227,-151.25000000000114,101841.25,Target Gap Fill
2025-09-26 11:25:00+05:30,2025-09-26 11:30:00+05:30,SHORT,378.525,381.95,-3.4250000000000114,-211.25000000000057,101630.0,Target Gap Fill
2025-09-26 11:35:00+05:30,2025-09-26 11:40:00+05:30,SHORT,374.025,372.25,1.7749999999999773,48.74999999999886,101678.75,Target Gap Fill
2025-09-26 12:05:00+05:30,2025-09-26 12:10:00+05:30,SHORT,378.375,379.35,-0.9750000000000227,-88.75000000000114,101590.0,Target Gap Fill
2025-09-26 12:10:00+05:30,2025-09-26 12:15:00+05:30,SHORT,378.725,381.15,-2.4249999999999545,-161.24999999999773,101428.75,Target Gap Fill
2025-09-26 12:35:00+05:30,2025-09-26 12:40:00+05:30,SHORT,376.975,380.1,-3.125,-196.25,101232.5,Target Gap Fill
2025-09-26 12:55:00+05:30,2025-09-26 13:00:00+05:30,LONG,389.875,391.65,1.7749999999999773,48.74999999999886,101281.25,End of Candle
2025-09-26 13:05:00+05:30,2025-09-26 13:10:00+05:30,LONG,392.275,386.775,-5.5,-315.0,100966.25,Stoploss Hit
2025-09-26 13:15:00+05:30,2025-09-26 13:20:00+05:30,SHORT,374.125,372.8,1.3249999999999886,26.24999999999943,100992.5,Target Gap Fill
2025-09-26 13:20:00+05:30,2025-09-26 13:25:00+05:30,SHORT,372.175,367.65,4.525000000000034,186.2500000000017,101178.75,Target Gap Fill
2025-09-26 13:25:00+05:30,2025-09-26 13:30:00+05:30,SHORT,367.025,366.15,0.875,3.75,101182.5,Target Gap Fill
2025-09-26 13:30:00+05:30,2025-09-26 13:35:00+05:30,SHORT,365.525,349.85,15.674999999999955,743.7499999999977,101926.25,Target Gap Fill
2025-09-26 13:35:00+05:30,2025-09-26 13:40:00+05:30,SHORT,349.225,352.7,-3.474999999999966,-213.7499999999983,101712.5,Target Gap Fill
2025-09-26 13:55:00+05:30,2025-09-26 14:00:00+05:30,SHORT,331.675,326.25,5.425000000000011,231.25000000000057,101943.75,Target Gap Fill
2025-09-26 14:00:00+05:30,2025-09-26 14:05:00+05:30,SHORT,325.625,317.25,8.375,378.75,102322.5,Target Gap Fill
2025-09-26 14:05:00+05:30,2025-09-26 14:10:00+05:30,SHORT,316.625,320.55,-3.9250000000000114,-236.25000000000057,102086.25,Target Gap Fill
2025-09-26 14:10:00+05:30,2025-09-26 14:15:00+05:30,SHORT,319.925,323.25,-3.3249999999999886,-206.24999999999943,101880.0,Target Gap Fill
2025-09-26 14:20:00+05:30,2025-09-26 14:25:00+05:30,SHORT,319.075,311.5,7.574999999999989,338.74999999999943,102218.75,Target Gap Fill
2025-09-26 14:25:00+05:30,2025-09-26 14:30:00+05:30,SHORT,310.875,318.15,-7.274999999999977,-403.74999999999886,101815.0,Stop Gap Fill
2025-09-26 14:30:00+05:30,2025-09-26 14:35:00+05:30,SHORT,317.525,318.25,-0.7250000000000227,-76.25000000000114,101738.75,Target Gap Fill
2025-09-26 14:55:00+05:30,2025-09-26 15:00:00+05:30,SHORT,313.625,321.95,-8.324999999999989,-456.24999999999943,101282.5,Stop Gap Fill
2025-09-26 15:10:00+05:30,2025-09-26 15:15:00+05:30,SHORT,317.225,317.25,-0.024999999999977263,-41.24999999999886,101241.25,Target Gap Fill
2025-09-26 15:15:00+05:30,2025-09-26 15:20:00+05:30,SHORT,316.625,316.75,-0.125,-46.25,101195.0,Target Gap Fill
2025-09-29 09:30:00+05:30,2025-09-29 09:35:00+05:30,LONG,348.525,358.025,9.5,435.0,101630.0,Target Hit
2025-09-29 09:35:00+05:30,2025-09-29 09:40:00+05:30,LONG,356.375,361.9,5.524999999999977,236.24999999999886,101866.25,End of Candle
2025-09-29 09:40:00+05:30,2025-09-29 09:45:00+05:30,LONG,358.475,360.15,1.6749999999999545,43.749999999997726,101910.0,End of Candle
2025-09-29 09:55:00+05:30,2025-09-29 10:00:00+05:30,LONG,368.925,365.5,-3.4250000000000114,-211.25000000000057,101698.75,End of Candle
2025-09-29 10:25:00+05:30,2025-09-29 10:30:00+05:30,LONG,386.375,378.0,-8.375,-458.75,101240.0,Stop Gap Fill
2025-09-29 10:50:00+05:30,2025-09-29 10:55:00+05:30,LONG,363.575,354.95,-8.625,-471.25,100768.75,Stop Gap Fill
2025-09-29 11:10:00+05:30,2025-09-29 11:15:00+05:30,LONG,369.675,363.0,-6.675000000000011,-373.75000000000057,100395.0,Stop Gap Fill
2025-09-29 11:35:00+05:30,2025-09-29 11:40:00+05:30,SHORT,343.975,332.6,11.375,528.75,100923.75,Target Gap Fill
2025-09-29 11:40:00+05:30,2025-09-29 11:45:00+05:30,SHORT,331.975,331.5,0.47500000000002274,-16.249999999998863,100907.5,Target Gap Fill
2025-09-29 11:45:00+05:30,2025-09-29 11:50:00+05:30,SHORT,330.875,318.9,11.975000000000023,558.7500000000011,101466.25,Target Gap Fill
2025-09-29 11:50:00+05:30,2025-09-29 11:55:00+05:30,SHORT,318.275,327.4,-9.125,-496.25,100970.0,Stop Gap Fill
2025-09-29 11:55:00+05:30,2025-09-29 12:00:00+05:30,SHORT,326.775,329.05,-2.275000000000034,-153.7500000000017,100816.25,Target Gap Fill
2025-09-29 12:05:00+05:30,2025-09-29 12:10:00+05:30,SHORT,325.075,316.25,8.824999999999989,401.24999999999943,101217.5,Target Gap Fill
2025-09-29 12:10:00+05:30,2025-09-29 12:15:00+05:30,SHORT,315.625,312.9,2.7250000000000227,96.25000000000114,101313.75,Target Gap Fill
2025-09-29 12:15:00+05:30,2025-09-29 12:20:00+05:30,SHORT,312.275,314.25,-1.9750000000000227,-138.75000000000114,101175.0,Target Gap Fill
2025-09-29 12:35:00+05:30,2025-09-29 12:40:00+05:30,SHORT,314.275,297.5,16.774999999999977,798.7499999999989,101973.75,Target Gap Fill
2025-09-29 12:45:00+05:30,2025-09-29 12:50:00+05:30,SHORT,294.275,294.3,-0.025000000000034106,-41.250000000001705,101932.5,Target Gap Fill
2025-09-29 12:50:00+05:30,2025-09-29 12:55:00+05:30,SHORT,293.675,298.35,-4.675000000000011,-273.75000000000057,101658.75,Target Gap Fill
2025-09-29 13:35:00+05:30,2025-09-29 13:40:00+05:30,LONG,333.925,328.425,-5.5,-315.0,101343.75,Stoploss Hit
2025-09-29 14:00:00+05:30,2025-09-29 14:05:00+05:30,LONG,336.725,340.75,4.024999999999977,161.24999999999886,101505.0,End of Candle
2025-09-29 14:05:00+05:30,2025-09-29 14:10:00+05:30,LONG,343.325,340.2,-3.125,-196.25,101308.75,End of Candle
2025-09-29 14:20:00+05:30,2025-09-29 14:25:00+05:30,LONG,345.225,343.15,-2.0750000000000455,-143.75000000000227,101165.0,End of Candle
2025-09-29 14:25:00+05:30,2025-09-29 14:30:00+05:30,LONG,346.925,341.425,-5.5,-315.0,100850.0,Stoploss Hit
2025-09-29 14:50:00+05:30,2025-09-29 14:55:00+05:30,SHORT,316.375,322.55,-6.175000000000011,-348.75000000000057,100501.25,Stop Gap Fill
2025-09-29 14:55:00+05:30,2025-09-29 15:00:00+05:30,SHORT,321.925,319.6,2.3249999999999886,76.24999999999943,100577.5,Target Gap Fill
2025-09-29 15:05:00+05:30,2025-09-29 15:10:00+05:30,SHORT,305.675,306.9,-1.224999999999966,-101.2499999999983,100476.25,Target Gap Fill
2025-09-29 15:20:00+05:30,2025-09-29 15:25:00+05:30,SHORT,300.025,304.85,-4.8250000000000455,-281.2500000000023,100195.0,Target Gap Fill
2025-09-29 15:25:00+05:30,2025-09-30 09:15:00+05:30,SHORT,304.225,319.25,-15.024999999999977,-791.2499999999989,99403.75,Stop Gap Fill
2025-09-30 09:30:00+05:30,2025-09-30 09:35:00+05:30,SHORT,309.125,309.5,-0.375,-58.75,99345.0,Target Gap Fill
2025-09-30 09:35:00+05:30,2025-09-30 09:40:00+05:30,SHORT,308.875,299.75,9.125,416.25,99761.25,Target Gap Fill
2025-09-30 09:45:00+05:30,2025-09-30 09:50:00+05:30,SHORT,298.225,307.35,-9.125,-496.25,99265.0,Stop Gap Fill
2025-09-30 10:15:00+05:30,2025-09-30 10:20:00+05:30,SHORT,294.125,298.9,-4.774999999999977,-278.74999999999886,98986.25,Target Gap Fill
2025-09-30 10:40:00+05:30,2025-09-30 10:45:00+05:30,SHORT,273.975,284.0,-10.024999999999977,-541.2499999999989,98445.0,Stop Gap Fill
2025-09-30 10:45:00+05:30,2025-09-30 10:50:00+05:30,SHORT,283.375,279.85,3.5249999999999773,136.24999999999886,98581.25,Target Gap Fill
2025-09-30 11:25:00+05:30,2025-09-30 11:30:00+05:30,LONG,296.025,300.75,4.725000000000023,196.25000000000114,98777.5,End of Candle
2025-09-30 11:40:00+05:30,2025-09-30 11:45:00+05:30,LONG,300.375,292.85,-7.524999999999977,-416.24999999999886,98361.25,Stop Gap Fill
2025-09-30 12:05:00+05:30,2025-09-30 12:10:00+05:30,SHORT,295.425,299.5,-4.074999999999989,-243.74999999999943,98117.5,Target Gap Fill
2025-09-30 12:20:00+05:30,2025-09-30 12:25:00+05:30,LONG,306.225,308.15,1.9249999999999545,56.249999999997726,98173.75,End of Candle
2025-09-30 12:25:00+05:30,2025-09-30 12:30:00+05:30,LONG,305.375,309.0,3.625,141.25,98315.0,End of Candle
2025-09-30 12:35:00+05:30,2025-09-30 12:40:00+05:30,LONG,309.625,304.125,-5.5,-315.0,98000.0,Stoploss Hit
2025-09-30 13:05:00+05:30,2025-09-30 13:10:00+05:30,SHORT,294.125,302.35,-8.225000000000023,-451.25000000000114,97548.75,Stop Gap Fill
2025-09-30 13:25:00+05:30,2025-09-30 13:30:00+05:30,SHORT,291.175,288.85,2.3249999999999886,76.24999999999943,97625.0,Target Gap Fill
2025-09-30 13:30:00+05:30,2025-09-30 13:35:00+05:30,SHORT,288.225,287.65,0.5750000000000455,-11.249999999997726,97613.75,Target Gap Fill
2025-09-30 14:15:00+05:30,2025-09-30 14:20:00+05:30,SHORT,280.875,272.4,8.475000000000023,383.75000000000114,97997.5,Target Gap Fill
2025-09-30 14:20:00+05:30,2025-09-30 14:25:00+05:30,SHORT,271.775,283.3,-11.525000000000034,-616.2500000000017,97381.25,Stop Gap Fill
2025-09-30 14:25:00+05:30,2025-09-30 14:30:00+05:30,SHORT,282.675,284.45,-1.7749999999999773,-128.74999999999886,97252.5,Target Gap Fill
2025-09-30 14:35:00+05:30,2025-09-30 14:40:00+05:30,SHORT,285.525,292.3,-6.775000000000034,-378.7500000000017,96873.75,Stop Gap Fill
2025-09-30 14:50:00+05:30,2025-09-30 14:55:00+05:30,SHORT,286.075,286.5,-0.42500000000001137,-61.25000000000057,96812.5,Target Gap Fill
2025-09-30 15:00:00+05:30,2025-09-30 15:05:00+05:30,LONG,292.475,280.5,-11.975000000000023,-638.7500000000011,96173.75,Stop Gap Fill
2025-09-30 15:05:00+05:30,2025-09-30 15:10:00+05:30,SHORT,280.375,277.55,2.8249999999999886,101.24999999999943,96275.0,Target Gap Fill
2025-09-30 15:10:00+05:30,2025-09-30 15:15:00+05:30,SHORT,276.925,276.5,0.42500000000001137,-18.74999999999943,96256.25,Target Gap Fill
2025-10-01 09:20:00+05:30,2025-10-01 09:25:00+05:30,SHORT,257.325,265.2,-7.875,-433.75,95822.5,Stop Gap Fill
2025-10-01 09:25:00+05:30,2025-10-01 09:30:00+05:30,SHORT,264.575,270.75,-6.175000000000011,-348.75000000000057,95473.75,Stop Gap Fill
2025-10-01 10:05:00+05:30,2025-10-01 10:10:00+05:30,SHORT,259.775,263.6,-3.8250000000000455,-231.25000000000227,95242.5,Target Gap Fill
2025-10-01 10:10:00+05:30,2025-10-01 10:15:00+05:30,SHORT,262.975,265.25,-2.2749999999999773,-153.74999999999886,95088.75,Target Gap Fill
2025-10-01 11:15:00+05:30,2025-10-01 11:20:00+05:30,LONG,287.175,297.85,10.675000000000011,493.75000000000057,95582.5,Target Gap Fill
2025-10-01 11:20:00+05:30,2025-10-01 11:25:00+05:30,LONG,298.475,302.45,3.974999999999966,158.7499999999983,95741.25,End of Candle
2025-10-01 11:25:00+05:30,2025-10-01 11:30:00+05:30,LONG,296.575,306.075,9.5,435.0,96176.25,Target Hit
2025-10-01 11:35:00+05:30,2025-10-01 11:40:00+05:30,LONG,316.625,326.125,9.5,435.0,96611.25,Target Hit
2025-10-01 11:40:00+05:30,2025-10-01 11:45:00+05:30,LONG,315.825,335.85,20.025000000000034,961.2500000000017,97572.5,Target Gap Fill
2025-10-01 11:45:00+05:30,2025-10-01 11:50:00+05:30,LONG,336.475,338.45,1.974999999999966,58.749999999998295,97631.25,End of Candle
2025-10-01 11:50:00+05:30,2025-10-01 11:55:00+05:30,LONG,340.775,335.275,-5.5,-315.0,97316.25,Stop Hit (Conservative)
2025-10-01 12:00:00+05:30,2025-10-01 12:05:00+05:30,LONG,357.025,351.525,-5.5,-315.0,97001.25,Stoploss Hit
2025-10-01 12:05:00+05:30,2025-10-01 12:10:00+05:30,LONG,360.625,353.85,-6.774999999999977,-378.74999999999886,96622.5,Stop Gap Fill
2025-10-01 12:10:00+05:30,2025-10-01 12:15:00+05:30,LONG,354.475,348.975,-5.5,-315.0,96307.5,Stoploss Hit
2025-10-01 13:30:00+05:30,2025-10-01 13:35:00+05:30,LONG,345.375,339.875,-5.5,-315.0,95992.5,Stoploss Hit
2025-10-01 14:05:00+05:30,2025-10-01 14:10:00+05:30,LONG,342.625,353.7,11.074999999999989,513.7499999999994,96506.25,Target Gap Fill
2025-10-01 14:10:00+05:30,2025-10-01 14:15:00+05:30,LONG,354.325,346.7,-7.625,-421.25,96085.0,Stop Gap Fill
2025-10-01 14:15:00+05:30,2025-10-01 14:20:00+05:30,LONG,347.325,356.825,9.5,435.0,96520.0,Target Hit
2025-10-01 14:25:00+05:30,2025-10-01 14:30:00+05:30,LONG,357.575,362.4,4.824999999999989,201.24999999999943,96721.25,End of Candle
2025-10-01 14:30:00+05:30,2025-10-01 14:35:00+05:30,LONG,360.125,362.95,2.8249999999999886,101.24999999999943,96822.5,End of Candle
2025-10-01 14:35:00+05:30,2025-10-01 14:40:00+05:30,LONG,363.025,366.55,3.525000000000034,136.2500000000017,96958.75,End of Candle
2025-10-01 14:40:00+05:30,2025-10-01 14:45:00+05:30,LONG,363.575,369.75,6.175000000000011,268.75000000000057,97227.5,End of Candle
2025-10-01 14:45:00+05:30,2025-10-01 14:50:00+05:30,LONG,366.775,361.275,-5.5,-315.0,96912.5,Stoploss Hit
2025-10-01 14:50:00+05:30,2025-10-01 14:55:00+05:30,LONG,370.375,364.15,-6.225000000000023,-351.25000000000114,96561.25,Stop Gap Fill
2025-10-01 14:55:00+05:30,2025-10-01 15:00:00+05:30,LONG,364.775,359.275,-5.5,-315.0,96246.25,Stoploss Hit
2025-10-01 15:20:00+05:30,2025-10-01 15:25:00+05:30,LONG,360.075,364.65,4.574999999999989,188.74999999999943,96435.0,End of Candle
2025-10-03 09:15:00+05:30,2025-10-03 09:20:00+05:30,LONG,363.975,320.5,-43.47500000000002,-2213.750000000001,94221.25,Stop Gap Fill
2025-10-03 09:20:00+05:30,2025-10-03 09:25:00+05:30,SHORT,320.375,319.75,0.625,-8.75,94212.5,Target Gap Fill
2025-10-03 09:30:00+05:30,2025-10-03 09:35:00+05:30,SHORT,315.175,312.45,2.7250000000000227,96.25000000000114,94308.75,Target Gap Fill
2025-10-03 10:15:00+05:30,2025-10-03 10:20:00+05:30,SHORT,321.425,315.9,5.525000000000034,236.2500000000017,94545.0,Target Gap Fill
2025-10-03 10:20:00+05:30,2025-10-03 10:25:00+05:30,SHORT,315.275,315.7,-0.42500000000001137,-61.25000000000057,94483.75,Target Gap Fill
2025-10-03 11:20:00+05:30,2025-10-03 11:25:00+05:30,LONG,337.475,331.975,-5.5,-315.0,94168.75,Stoploss Hit
2025-10-03 12:10:00+05:30,2025-10-03 12:15:00+05:30,LONG,347.625,342.125,-5.5,-315.0,93853.75,Stoploss Hit
2025-10-03 12:35:00+05:30,2025-10-03 12:40:00+05:30,SHORT,319.675,325.65,-5.974999999999966,-338.7499999999983,93515.0,Stop Gap Fill
2025-10-03 13:10:00+05:30,2025-10-03 13:15:00+05:30,LONG,342.375,341.75,-0.625,-71.25,93443.75,End of Candle
2025-10-03 14:15:00+05:30,2025-10-03 14:20:00+05:30,SHORT,319.275,323.25,-3.9750000000000227,-238.75000000000114,93205.0,Target Gap Fill
2025-10-03 14:20:00+05:30,2025-10-03 14:25:00+05:30,SHORT,322.625,321.5,1.125,16.25,93221.25,Target Gap Fill
2025-10-03 14:40:00+05:30,2025-10-03 14:45:00+05:30,LONG,351.375,360.875,9.5,435.0,93656.25,Target Hit
2025-10-03 14:45:00+05:30,2025-10-03 14:50:00+05:30,LONG,361.075,355.0,-6.074999999999989,-343.74999999999943,93312.5,Stop Gap Fill
2025-10-03 14:50:00+05:30,2025-10-03 14:55:00+05:30,LONG,355.625,365.125,9.5,435.0,93747.5,Target Hit
2025-10-03 14:55:00+05:30,2025-10-03 15:00:00+05:30,LONG,363.475,372.975,9.5,435.0,94182.5,Target Hit
2025-10-03 15:00:00+05:30,2025-10-03 15:05:00+05:30,LONG,369.375,369.5,0.125,-33.75,94148.75,End of Candle
2025-10-03 15:05:00+05:30,2025-10-03 15:10:00+05:30,LONG,371.725,366.225,-5.5,-315.0,93833.75,Stoploss Hit
2025-10-03 15:10:00+05:30,2025-10-03 15:15:00+05:30,LONG,370.125,364.625,-5.5,-315.0,93518.75,Stoploss Hit
